"Nombre o título  de la categoría de información","Subcategorías","Nombre o título de la información","Idioma","Medio de conservación y/o soporte","Formato","Calificación","Fecha de generación de la información","Nombre del responsable de la producción de la información","Nombre del responsable de la información","Objetivo legítimo de la excepción","Fundamento constitucional o legal","Fundamento jurídico de la excepción","Excepción total o parcial","Fecha de la calificación","Plazo de clasificación o reserva"
"Acciones constitucionales","Acciones de Tutela","Acciones de Tutela","Español","Físico/Digital","Documento de texto","CLASIFICADA","Según requerimiento","Grupo Asesor Jurídico","Grupo Asesor Jurídico","SI","Ley 594 de 2000 ,  Ley 1581 de 2012 artículos 3, 5 y 6, Sentencia Corte Constitucional T-220/04, C-274/2013 Ley 1755 de 2015, art 27 Artículo  24.","Información Pública Clasificada, datos semi-privados, privados o sensibles, 
Los que involucren derechos a la privacidad e intimidad de las personas, incluidas en las hojas de vida, la historia laboral y los expedientes pensionales y demás registros de personal que obren en los archivos de las instituciones públicas o privadas, así como la historia clínica.
Los amparados por el secreto profesional.","TOTAL","2023 Jan 02 12:00:00 AM","Ilimitado"
"Actas","Actas de Reunión","Actas de Reunión","Español","Físico/Digital","Documento de texto","CLASIFICADA","Eventual","Oficina de Planeación, Innovación y Desarrollo","Oficina de Planeación, Innovación y Desarrollo","SI","Ley 594 de 2000 ,  Ley 1581 de 2012 artículos 3, 5 y 6, Sentencia Corte Constitucional T-220/04, C-274/2013 Ley 1755 de 2015, art 27 Artículo  24.","Información Pública Clasificada, datos semi-privados, privados o sensibles, 
Los que involucren derechos a la privacidad e intimidad de las personas, incluidas en las hojas de vida, la historia laboral y los expedientes pensionales y demás registros de personal que obren en los archivos de las instituciones públicas o privadas, así como la historia clínica.
Los amparados por el secreto profesional.","TOTAL","2023 Jan 02 12:00:00 AM","Ilimitado"
"Actas","Actas de Reunión - Salidas No Conformes","Actas de Reunión - Salidas No Conformes","Español","Físico/Digital","Documento de texto","CLASIFICADA","Según requerimiento","Oficina de Control Calidad","Oficina de Control Calidad","SI","Artículo 18 LEY 1712 DE 2014, DECISION 486 DE 200 CAN ART. 260,261,262","Secreto comercial, industrial y profesional. Licencias de explotación comercial 
Los protegidos por el secreto comercial o industrial, así como los planes estratégicos de las empresas públicas de servicios públicos.","TOTAL","2023 Jan 02 12:00:00 AM","Ilimitado"
"Actas","Actas del Comité Institucional de Coordinacion de Control Interno (Actas del Comité de Control Interno)","Actas del Comité Institucional de Coordinacion de Control Interno (Actas del Comité de Control Interno)","Español","Físico/Digital","Documento de texto","CLASIFICADA","Mensual","Oficina de Control Interno","Oficina de Control Interno","SI","DECRETO 410 DE 1971 Art. 61","Los libros y papeles del comerciante no podrán examinarse por personas distintas de sus propietarios o personas autorizadas para ello, sino para los fines indicados en la Constitución Nacional y mediante orden de autoridad competente.  Los datos referentes a la información financiera y comercial, en los términos de la Ley Estatutaria 1266 de 2008","TOTAL","2023 Jan 02 12:00:00 AM","15 años"
"Actas","Actas del Comité Institucional de Coordinacion de Control Interno (Actas de Reunión Administrativa)","Actas del Comité Institucional de Coordinacion de Control Interno (Actas de Reunión Administrativa)","Español","Físico/Digital","Documento de texto","CLASIFICADA","Mensual","Oficina de Control Interno","Oficina de Control Interno","SI","DECRETO 410 DE 1971 Art. 61","Los libros y papeles del comerciante no podrán examinarse por personas distintas de sus propietarios o personas autorizadas para ello, sino para los fines indicados en la Constitución Nacional y mediante orden de autoridad competente.  Los datos referentes a la información financiera y comercial, en los términos de la Ley Estatutaria 1266 de 2008","TOTAL","2023 Jan 02 12:00:00 AM","15 años"
"Actas","Actas de Comité de Auditoría","Actas de Comité de Auditoría","Español","Físico/Digital","Documento de texto","CLASIFICADA","Bimensual","Oficina de Control Interno","Oficina de Control Interno","SI","DECRETO 410 DE 1971 Art. 61","Los libros y papeles del comerciante no podrán examinarse por personas distintas de sus propietarios o personas autorizadas para ello, sino para los fines indicados en la Constitución Nacional y mediante orden de autoridad competente.  Los datos referentes a la información financiera y comercial, en los términos de la Ley Estatutaria 1266 de 2008","TOTAL","2023 Jan 02 12:00:00 AM","15 años"
"Actas","Actas de Reunión Comité Institucional de Gestión y Desempeño","Actas de Reunión Comité Institucional de Gestión y Desempeño","Español","Físico/Digital","Documento de texto","CLASIFICADA","Trimestral","Oficina de Planeación, Innovación y Desarrollo","Oficina de Planeación, Innovación y Desarrollo","SI","DECRETO 410 DE 1971 Art. 61","Los libros y papeles del comerciante no podrán examinarse por personas distintas de sus propietarios o personas autorizadas para ello, sino para los fines indicados en la Constitución Nacional y mediante orden de autoridad competente.  Los datos referentes a la información financiera y comercial, en los términos de la Ley Estatutaria 1266 de 2008","TOTAL","2023 Jan 02 12:00:00 AM","15 años"
"Actas","Actas de Reunión de Comité de Gerencia","Actas de Reunión de Comité de Gerencia","Español","Físico/Digital","Documento de texto","CLASIFICADA","Semanal","Oficina de Planeación, Innovación y Desarrollo","Secretaria de Gerencia","SI","DECRETO 410 DE 1971 Art. 61","Los libros y papeles del comerciante no podrán examinarse por personas distintas de sus propietarios o personas autorizadas para ello, sino para los fines indicados en la Constitución Nacional y mediante orden de autoridad competente.  Los datos referentes a la información financiera y comercial, en los términos de la Ley Estatutaria 1266 de 2008","TOTAL","2023 Jan 02 12:00:00 AM","15 años"
"Actas","Actas de Reunión Revisión por la Alta Dirección","Actas de Reunión Revisión por la Alta Dirección","Español","Físico/Digital","Documento de texto","CLASIFICADA","Anual","Oficina de Planeación, Innovación y Desarrollo","Oficina de Planeación, Innovación y Desarrollo/Sistema Integrado de Gestión de la Calidad Aeronáutica","SI","DECRETO 410 DE 1971 Art. 61","Los libros y papeles del comerciante no podrán examinarse por personas distintas de sus propietarios o personas autorizadas para ello, sino para los fines indicados en la Constitución Nacional y mediante orden de autoridad competente.  Los datos referentes a la información financiera y comercial, en los términos de la Ley Estatutaria 1266 de 2008","TOTAL","2023 Jan 02 12:00:00 AM","15 años"
"Actas","Actas del Comité de Convivencia Laboral","Actas del Comité de Convivencia Laboral","Español","Físico/Digital","Documento de texto","CLASIFICADA","Según requerimiento","Grupo Seguridad Integral","Grupo Seguridad Integral","SI","Ley 594 de 2000 ,  Ley 1581 de 2012 artículos 3, 5 y 6, Sentencia Corte Constitucional T-220/04, C-274/2013 Ley 1755 de 2015, art 27 Artículo  24.","Información Pública Clasificada, datos semi-privados, privados o sensibles, 
Los que involucren derechos a la privacidad e intimidad de las personas, incluidas en las hojas de vida, la historia laboral y los expedientes pensionales y demás registros de personal que obren en los archivos de las instituciones públicas o privadas, así como la historia clínica.
Los amparados por el secreto profesional.","TOTAL","2023 Jan 02 12:00:00 AM","Ilimitado"
"Actas","Actas del Comité Paritario de Seguridad y Salud en el Trabajo - COPASST","Actas del Comité Paritario de Seguridad y Salud en el Trabajo - COPASST","Español","Físico/Digital","Documento de texto","CLASIFICADA","Según requerimiento","Grupo Seguridad Integral","Grupo Seguridad Integral","SI","Ley 594 de 2000 ,  Ley 1581 de 2012 artículos 3, 5 y 6, Sentencia Corte Constitucional T-220/04, C-274/2013 Ley 1755 de 2015, art 27 Artículo  24.","Información Pública Clasificada, datos semi-privados, privados o sensibles, 
Los que involucren derechos a la privacidad e intimidad de las personas, incluidas en las hojas de vida, la historia laboral y los expedientes pensionales y demás registros de personal que obren en los archivos de las instituciones públicas o privadas, así como la historia clínica.
Los amparados por el secreto profesional.","TOTAL","2023 Jan 02 12:00:00 AM","Ilimitado"
"Actas","Actas Comité de Gerencia","Actas Comité de Gerencia","Español","Físico/Digital","Documento de texto","CLASIFICADA","Semanal","Oficina de Planeación, Innovación y Desarrollo","Secretaria de Gerencia","SI","DECRETO 410 DE 1971 Art. 61","Los libros y papeles del comerciante no podrán examinarse por personas distintas de sus propietarios o personas autorizadas para ello, sino para los fines indicados en la Constitución Nacional y mediante orden de autoridad competente.  Los datos referentes a la información financiera y comercial, en los términos de la Ley Estatutaria 1266 de 2008","TOTAL","2023 Jan 02 12:00:00 AM","15 años"
"Actas","Actas de Reunión - Generales","Actas de Reunión - Generales","Español","Físico/Digital","Documento de texto","CLASIFICADA","Según requerimiento","Oficina de Control Calidad","Oficina de Control Calidad","SI","DECRETO 410 DE 1971 Art. 61","Los libros y papeles del comerciante no podrán examinarse por personas distintas de sus propietarios o personas autorizadas para ello, sino para los fines indicados en la Constitución Nacional y mediante orden de autoridad competente.  Los datos referentes a la información financiera y comercial, en los términos de la Ley Estatutaria 1266 de 2008","TOTAL","2023 Jan 02 12:00:00 AM","15 años"
"Actas","Actas del Comité del Grupo Ejecutor de Seguridad Operacional  - GESO","Actas del Comité del Grupo Ejecutor de Seguridad Operacional  - GESO","Español","Físico/Digital","Documento de texto","CLASIFICADA","Mensual","Grupo Ejecutor de Seguridad Operacional","Grupo Ejecutor de Seguridad Operacional","SI","RAC 219 y RAC 145","Información Pública Clasificada, datos semi-privados, privados o sensibles, 
Los que involucren derechos a la privacidad e intimidad de las personas, incluidas en las hojas de vida, la historia laboral y los expedientes pensionales y demás registros de personal que obren en los archivos de las instituciones públicas o privadas, así como la historia clínica.
Los amparados por el secreto profesional.","TOTAL","2023 Jan 02 12:00:00 AM","Ilimitado"
"Actas","Actas del Comité Interno Comercial","Actas del Comité Interno Comercial","Español","Físico/Digital","Documento de texto","CLASIFICADA","Semanal","Dirección Promoción y Venta","Dirección Promoción y Venta","SI","DECRETO 410 DE 1971 Art. 61","Los libros y papeles del comerciante no podrán examinarse por personas distintas de sus propietarios o personas autorizadas para ello, sino para los fines indicados en la Constitución Nacional y mediante orden de autoridad competente.  Los datos referentes a la información financiera y comercial, en los términos de la Ley Estatutaria 1266 de 2008","TOTAL","2023 Jan 02 12:00:00 AM","15 años"
"Actas","Actas del Comité de Seguridad Vial","Actas del Comité de Seguridad Vial","Español","Físico/Digital","Documento de texto","PUBLICABLE","Mensual","Grupo Seguridad Integral","Grupo Seguridad Integral","N/A","N/A","N/A","N/A","2023 Jan 02 12:00:00 AM","Lo estipulado en la tabla de retención para el tiempo de conservación en el archivo central"
"Actas","Actas de Asamblea General de Accionistas","Actas de Asamblea General de Accionistas","Español","Físico/Digital","Documento de texto","CLASIFICADA","Anual","Grupo Asesor Jurídico","Secretaria de Gerencia","SI","DECRETO 410 DE 1971 Art. 61","Los libros y papeles del comerciante no podrán examinarse por personas distintas de sus propietarios o personas autorizadas para ello, sino para los fines indicados en la Constitución Nacional y mediante orden de autoridad competente.  Los datos referentes a la información financiera y comercial, en los términos de la Ley Estatutaria 1266 de 2008","TOTAL","2023 Jan 02 12:00:00 AM","15 años"
"Actas","Actas de Junta Directiva","Actas de Junta Directiva","Español","Físico/Digital","Documento de texto","CLASIFICADA","Bimensual","Grupo Asesor Jurídico","Secretaria de Gerencia","SI","DECRETO 410 DE 1971 Art. 61","Los libros y papeles del comerciante no podrán examinarse por personas distintas de sus propietarios o personas autorizadas para ello, sino para los fines indicados en la Constitución Nacional y mediante orden de autoridad competente.  Los datos referentes a la información financiera y comercial, en los términos de la Ley Estatutaria 1266 de 2008","TOTAL","2023 Jan 02 12:00:00 AM","15 años"
"Actas","Actas del Comité de Defensa Judicial y Conciliación","Actas del Comité de Defensa Judicial y Conciliación","Español","Físico/Digital","Documento de texto","CLASIFICADA","Mensual","Grupo Asesor Jurídico","Grupo Asesor Jurídico","SI","DECRETO 410 DE 1971 Art. 61","Los libros y papeles del comerciante no podrán examinarse por personas distintas de sus propietarios o personas autorizadas para ello, sino para los fines indicados en la Constitución Nacional y mediante orden de autoridad competente.  Los datos referentes a la información financiera y comercial, en los términos de la Ley Estatutaria 1266 de 2008","TOTAL","2023 Jan 02 12:00:00 AM","15 años"
"Actas","Actas del Comité de Logística Aeronáutica","Actas del Comité de Logística Aeronáutica","Español","Físico/Digital","Documento de texto","RESERVADA","Según requerimiento","Dirección Logística Aeronáutica","Dirección Logística Aeronáutica","SI","Artículo 18, 19  LEY 1712 DE 2014, DECISION 486 DE 200 CAN ART. 260,261,262","Secreto comercial, industrial y profesional. Licencias de explotación comercial, información de mantenimiento de aviación de estado por daño a intereses públicos, Las instrucciones en materia diplomática o sobre negociaciones reservadas.","TOTAL","2023 Jan 02 12:00:00 AM","Lo estipulado en la tabla de retención para el tiempo de conservación en el archivo central"
"Actas","Actas de Indicadores de Gestión","Actas de Indicadores de Gestión","Español","Físico/Digital","Documento de texto","RESERVADA","Según requerimiento","Dirección Logística Aeronáutica","Dirección Logística Aeronáutica","SI","Artículo 18, 19  LEY 1712 DE 2014, DECISION 486 DE 200 CAN ART. 260,261,262","Secreto comercial, industrial y profesional. Licencias de explotación comercial, información de mantenimiento de aviación de estado por daño a intereses públicos, Las instrucciones en materia diplomática o sobre negociaciones reservadas.","TOTAL","2023 Jan 02 12:00:00 AM","Lo estipulado en la tabla de retención para el tiempo de conservación en el archivo central"
"Actas","Actas del Comité de Brigadas de Emergencia","Actas del Comité de Brigadas de Emergencia","Español","Físico/Digital","Documento de texto","RESERVADA","Según requerimiento","Grupo Seguridad Integral","Grupo Seguridad Integral","SI","Ley 594 de 2000 ,  Ley 1581 de 2012 artículos 3, 5 y 6, Sentencia Corte Constitucional T-220/04, C-274/2013 Ley 1755 de 2015, art 27 Artículo  24.","Información Pública Clasificada, datos semi-privados, privados o sensibles, Los que involucren derechos a la privacidad e intimidad de las personas, incluidas en las hojas de vida, la historia laboral y los expedientes pensionales y demás registros de personales","TOTAL","2023 Jan 02 12:00:00 AM","Ilimitado"
"Actas","Actas del Comité de Inversiones","Actas del Comité de Inversiones","Español","Físico/Digital","Documento de texto","CLASIFICADA","Según requerimiento","Dirección Administrativa y Financiera","Dirección Administrativa y Financiera","SI","DECRETO 410 DE 1971 Art. 61","Los libros y papeles del comerciante no podrán examinarse por personas distintas de sus propietarios o personas autorizadas para ello, sino para los fines indicados en la Constitución Nacional y mediante orden de autoridad competente.  Los datos referentes a la información financiera y comercial, en los términos de la Ley Estatutaria 1266 de 2008","TOTAL","2023 Jan 02 12:00:00 AM","15 años"
"Actas","Actas del Comité de Sostenibilidad Contable","Actas del Comité de Sostenibilidad Contable","Español","Físico/Digital","Documento de texto","CLASIFICADA","Según requerimiento","Dirección Administrativa y Financiera","Dirección Administrativa y Financiera","SI","DECRETO 410 DE 1971 Art. 61","Los libros y papeles del comerciante no podrán examinarse por personas distintas de sus propietarios o personas autorizadas para ello, sino para los fines indicados en la Constitución Nacional y mediante orden de autoridad competente.  Los datos referentes a la información financiera y comercial, en los términos de la Ley Estatutaria 1266 de 2008","TOTAL","2023 Jan 02 12:00:00 AM","15 años"
"Actas","Actas de Eliminación de Documentos","Actas de Eliminación de Documentos","Español","Físico/Digital","Documento de texto","CLASIFICADA","Según requerimiento","Dirección Administrativa y Financiera - Grupo Gestión Administrativa","Dirección Administrativa y Financiera - Grupo Gestión Administrativa","SI","DECRETO 410 DE 1971 Art. 61","Los libros y papeles del comerciante no podrán examinarse por personas distintas de sus propietarios o personas autorizadas para ello, sino para los fines indicados en la Constitución Nacional y mediante orden de autoridad competente.  Los datos referentes a la información financiera y comercial, en los términos de la Ley Estatutaria 1266 de 2008","TOTAL","2023 Jan 02 12:00:00 AM","15 años"
"Actos administrativos","Resoluciones","Resoluciones","Español","Físico/Digital","Documento de texto","CLASIFICADA","Según requerimiento","Grupo de Gestión de Talento Humano - Oficina de Planeación, Innovación y Desarrollo","Secretaria de Gerencia","SI","Ley 594 de 2000 ,  Ley 1581 de 2012 artículos 3, 5 y 6, Sentencia Corte Constitucional T-220/04, C-274/2013 Ley 1755 de 2015, art 27 Artículo  24.","Información Pública Clasificada, datos semi-privados, privados o sensibles, 
Los que involucren derechos a la privacidad e intimidad de las personas, incluidas en las hojas de vida, la historia laboral y los expedientes pensionales y demás registros de personal que obren en los archivos de las instituciones públicas o privadas, así como la historia clínica.
Los amparados por el secreto profesional.","TOTAL","2023 Jan 02 12:00:00 AM","Ilimitado"
"Actos administrativos","Acuerdos de Trámites Presupuestales","Acuerdos de Trámites Presupuestales","Español","Físico/Digital","Documento de texto","CLASIFICADA","Según requerimiento","Oficina de Planeación, Innovación y Desarrollo","Secretaria de Gerencia","SI","DECRETO 410 DE 1971 Art. 61","Los libros y papeles del comerciante no podrán examinarse por personas distintas de sus propietarios o personas autorizadas para ello, sino para los fines indicados en la Constitución Nacional y mediante orden de autoridad competente.  Los datos referentes a la información financiera y comercial, en los términos de la Ley Estatutaria 1266 de 2008","TOTAL","2023 Jan 02 12:00:00 AM","15 años"
"Actos administrativos","Directivas Permanentes","Directivas Permanentes","Español","Físico/Digital","Documento de texto","CLASIFICADA","Según requerimiento","Todas las dependencias","Oficina de Planeación, Innovación y Desarrollo","SI","DECRETO 410 DE 1971 Art. 61","Los libros y papeles del comerciante no podrán examinarse por personas distintas de sus propietarios o personas autorizadas para ello, sino para los fines indicados en la Constitución Nacional y mediante orden de autoridad competente.  Los datos referentes a la información financiera y comercial, en los términos de la Ley Estatutaria 1266 de 2008","TOTAL","2023 Jan 02 12:00:00 AM","15 años"
"Actos administrativos","Directivas Transitorias","Directivas Transitorias","Español","Físico/Digital","Documento de texto","CLASIFICADA","Según requerimiento","Todas las dependencias","Oficina de Planeación, Innovación y Desarrollo","SI","DECRETO 410 DE 1971 Art. 61","Los libros y papeles del comerciante no podrán examinarse por personas distintas de sus propietarios o personas autorizadas para ello, sino para los fines indicados en la Constitución Nacional y mediante orden de autoridad competente.  Los datos referentes a la información financiera y comercial, en los términos de la Ley Estatutaria 1266 de 2008","TOTAL","2023 Jan 02 12:00:00 AM","15 años"
"Actos administrativos","Acuerdos","Acuerdos","Español","Físico/Digital","Documento de texto","PUBLICABLE","Según requerimiento","Grupo de Asesoría Jurídica - Oficina de Planeación, Innovación y Desarrollo","Secretaria de Gerencia","N/A","N/A","N/A","N/A","2023 Jan 02 12:00:00 AM","Lo estipulado en la tabla de retención para el tiempo de conservación en el archivo central"
"Actos administrativos","Circular","Circular","Español","Físico/Digital","Documento de texto","PUBLICABLE","Según requerimiento","Todas las dependencias","Oficina de Planeación, Innovación y Desarrollo","N/A","N/A","N/A","N/A","2023 Jan 02 12:00:00 AM","Lo estipulado en la tabla de retención para el tiempo de conservación en el archivo central"
"Anteproyecto de presupuesto","Anteproyecto de Presupuesto - Trámites Presupuestales - Propuesta de distribución de utilidades","Anteproyecto de Presupuesto - Trámites Presupuestales - Propuesta de distribución de utilidades","Español","Físico/Digital","Documento de texto","PUBLICABLE","Eventual","Oficina de Planeación, Innovación y Desarrollo","Oficina de Planeación, Innovación y Desarrollo","N/A","N/A","N/A","N/A","2023 Jan 02 12:00:00 AM","Lo estipulado en la tabla de retención para el tiempo de conservación en el archivo central"
"Boletines","Boletines de Deudores Morosos del Estado","Boletines de Deudores Morosos del Estado","Español","Físico/Digital","Documento de texto","RESERVADA","Según requerimiento","Dirección Administrativa y Financiera","Dirección Administrativa y Financiera","SI","Ley 594 de 2000 ,  Ley 1581 de 2012 artículos 3, 5 y 6, Sentencia Corte Constitucional T-220/04, C-274/2013 Ley 1755 de 2015, art 27 Artículo  24.","Información Pública Clasificada, datos semi-privados, privados o sensibles, Los que involucren derechos a la privacidad e intimidad de las personas, incluidas en las hojas de vida, la historia laboral y los expedientes pensionales y demás registros de personales","TOTAL","2023 Jan 02 12:00:00 AM","Ilimitado"
"Boletines","Boletines Diarios de Tesorería","Boletines Diarios de Tesorería","Español","Físico/Digital","Documento de texto","CLASIFICADA","Según requerimiento","Dirección Administrativa y Financiera","Dirección Administrativa y Financiera","SI","DECRETO 410 DE 1971 Art. 61","Los libros y papeles del comerciante no podrán examinarse por personas distintas de sus propietarios o personas autorizadas para ello, sino para los fines indicados en la Constitución Nacional y mediante orden de autoridad competente.  Los datos referentes a la información financiera y comercial, en los términos de la Ley Estatutaria 1266 de 2008","TOTAL","2023 Jan 02 12:00:00 AM","15 años"
"Certificados","Certificados Contables","Certificados Contables","Español","Físico/Digital","Documento de texto","CLASIFICADA","Según requerimiento","Dirección Administrativa y Financiera","Dirección Administrativa y Financiera","SI","DECRETO 410 DE 1971 Art. 61","Los libros y papeles del comerciante no podrán examinarse por personas distintas de sus propietarios o personas autorizadas para ello, sino para los fines indicados en la Constitución Nacional y mediante orden de autoridad competente.  Los datos referentes a la información financiera y comercial, en los términos de la Ley Estatutaria 1266 de 2008","TOTAL","2023 Jan 02 12:00:00 AM","15 años"
"Certificados","Certificados de autoridades aeronáuticas - Aviación de Estado","Certificados de autoridades aeronáuticas - Aviación de Estado","Español","Físico/Digital","Documento de texto","PUBLICABLE","Según requerimiento","Oficina de Control Calidad","Oficina de Control Calidad","N/A","N/A","N/A","N/A","2023 Jan 02 12:00:00 AM","Lo estipulado en la tabla de retención para el tiempo de conservación en el archivo central"
"Certificados","Certificados de autoridades aeronáuticas - FAA (Federal Aviation Administration)","Certificados de autoridades aeronáuticas - FAA (Federal Aviation Administration)","Español","Físico/Digital","Documento de texto","PUBLICABLE","Según requerimiento","Oficina de Control Calidad","Oficina de Control Calidad","N/A","N/A","N/A","N/A","2023 Jan 02 12:00:00 AM","Lo estipulado en la tabla de retención para el tiempo de conservación en el archivo central"
"Certificados","Certificados de autoridades aeronáuticas - SRVSOP (Sistema Regional de Cooperación para la Vigilancia de la Seguridad Operacional)","Certificados de autoridades aeronáuticas - SRVSOP (Sistema Regional de Cooperación para la Vigilancia de la Seguridad Operacional)","Español","Físico/Digital","Documento de texto","PUBLICABLE","Según requerimiento","Oficina de Control Calidad","Oficina de Control Calidad","N/A","N/A","N/A","N/A","2023 Jan 02 12:00:00 AM","Lo estipulado en la tabla de retención para el tiempo de conservación en el archivo central"
"Certificados","Certificados de autoridades aeronáuticas - UAEAC (Unidad Administrativa Especial de Aeronáutica Civil)","Certificados de autoridades aeronáuticas - UAEAC (Unidad Administrativa Especial de Aeronáutica Civil)","Español","Físico/Digital","Documento de texto","PUBLICABLE","Según requerimiento","Oficina de Control Calidad","Oficina de Control Calidad","N/A","N/A","N/A","N/A","2023 Jan 02 12:00:00 AM","Lo estipulado en la tabla de retención para el tiempo de conservación en el archivo central"
"Certificados","Certificados de calibración equipos / herramientas NDT","Certificados de calibración equipos / herramientas NDT","Español","Físico/Digital","Documento de texto","PUBLICABLE","Según requerimiento","Oficina de Control Calidad","Oficina de Control Calidad","N/A","N/A","N/A","N/A","2023 Jan 02 12:00:00 AM","Lo estipulado en la tabla de retención para el tiempo de conservación en el archivo central"
"Certificados","Certificados de fabricantes aeronaves / componentes aeronaves","Certificados de fabricantes aeronaves / componentes aeronaves","Español","Físico/Digital","Documento de texto","PUBLICABLE","Según requerimiento","Oficina de Control Calidad","Oficina de Control Calidad","N/A","N/A","N/A","N/A","2023 Jan 02 12:00:00 AM","Lo estipulado en la tabla de retención para el tiempo de conservación en el archivo central"
"Certificados","Certificados de Laboratorio","Certificados de Laboratorio","Español","Físico/Digital","Documento de texto","PUBLICABLE","Según requerimiento","Centro de Entrenamiento","Centro de Entrenamiento","N/A","N/A","N/A","N/A","2023 Jan 02 12:00:00 AM","Lo estipulado en la tabla de retención para el tiempo de conservación en el archivo central"
"Comprobantes","Comprobantes de Amortización","Comprobantes de Amortización","Español","Físico/Digital","Documento de texto","CLASIFICADA","Según requerimiento","Dirección Administrativa y Financiera","Dirección Administrativa y Financiera","SI","DECRETO 410 DE 1971 Art. 61","Los libros y papeles del comerciante no podrán examinarse por personas distintas de sus propietarios o personas autorizadas para ello, sino para los fines indicados en la Constitución Nacional y mediante orden de autoridad competente.  Los datos referentes a la información financiera y comercial, en los términos de la Ley Estatutaria 1266 de 2008","TOTAL","2023 Jan 02 12:00:00 AM","15 años"
"Comprobantes","Comprobantes de Caja Menor","Comprobantes de Caja Menor","Español","Físico/Digital","Documento de texto","CLASIFICADA","Según requerimiento","Dirección Administrativa y Financiera","Dirección Administrativa y Financiera","SI","DECRETO 410 DE 1971 Art. 61","Los libros y papeles del comerciante no podrán examinarse por personas distintas de sus propietarios o personas autorizadas para ello, sino para los fines indicados en la Constitución Nacional y mediante orden de autoridad competente.  Los datos referentes a la información financiera y comercial, en los términos de la Ley Estatutaria 1266 de 2008","TOTAL","2023 Jan 02 12:00:00 AM","15 años"
"Comprobantes","Comprobantes de Causación Depreciación","Comprobantes de Causación Depreciación","Español","Físico/Digital","Documento de texto","CLASIFICADA","Según requerimiento","Dirección Administrativa y Financiera","Dirección Administrativa y Financiera","SI","DECRETO 410 DE 1971 Art. 61","Los libros y papeles del comerciante no podrán examinarse por personas distintas de sus propietarios o personas autorizadas para ello, sino para los fines indicados en la Constitución Nacional y mediante orden de autoridad competente.  Los datos referentes a la información financiera y comercial, en los términos de la Ley Estatutaria 1266 de 2008","TOTAL","2023 Jan 02 12:00:00 AM","15 años"
"Comprobantes","Comprobantes de Causación Nómina","Comprobantes de Causación Nómina","Español","Físico/Digital","Documento de texto","RESERVADA","Según requerimiento","Dirección Administrativa y Financiera","Dirección Administrativa y Financiera","SI","Ley 594 de 2000 ,  Ley 1581 de 2012 artículos 3, 5 y 6, Sentencia Corte Constitucional T-220/04, C-274/2013 Ley 1755 de 2015, art 27 Artículo  24.","Información Pública Clasificada, datos semi-privados, privados o sensibles, Los que involucren derechos a la privacidad e intimidad de las personas, incluidas en las hojas de vida, la historia laboral y los expedientes pensionales y demás registros de personales","TOTAL","2023 Jan 02 12:00:00 AM","Ilimitado"
"Comprobantes","Comprobantes Contables de Egreso","Comprobantes Contables de Egreso","Español","Físico/Digital","Documento de texto","CLASIFICADA","Según requerimiento","Dirección Administrativa y Financiera","Dirección Administrativa y Financiera","SI","DECRETO 410 DE 1971 Art. 61","Los libros y papeles del comerciante no podrán examinarse por personas distintas de sus propietarios o personas autorizadas para ello, sino para los fines indicados en la Constitución Nacional y mediante orden de autoridad competente.  Los datos referentes a la información financiera y comercial, en los términos de la Ley Estatutaria 1266 de 2008","TOTAL","2023 Jan 02 12:00:00 AM","15 años"
"Comprobantes","Comprobantes Contables de Ingreso","Comprobantes Contables de Ingreso","Español","Físico/Digital","Documento de texto","CLASIFICADA","Según requerimiento","Dirección Administrativa y Financiera","Dirección Administrativa y Financiera","SI","DECRETO 410 DE 1971 Art. 61","Los libros y papeles del comerciante no podrán examinarse por personas distintas de sus propietarios o personas autorizadas para ello, sino para los fines indicados en la Constitución Nacional y mediante orden de autoridad competente.  Los datos referentes a la información financiera y comercial, en los términos de la Ley Estatutaria 1266 de 2008","TOTAL","2023 Jan 02 12:00:00 AM","15 años"
"Comprobantes","Comprobantes de Costos","Comprobantes de Costos","Español","Físico/Digital","Documento de texto","CLASIFICADA","Según requerimiento","Dirección Administrativa y Financiera","Dirección Administrativa y Financiera","SI","DECRETO 410 DE 1971 Art. 61","Los libros y papeles del comerciante no podrán examinarse por personas distintas de sus propietarios o personas autorizadas para ello, sino para los fines indicados en la Constitución Nacional y mediante orden de autoridad competente.  Los datos referentes a la información financiera y comercial, en los términos de la Ley Estatutaria 1266 de 2008","TOTAL","2023 Jan 02 12:00:00 AM","15 años"
"Comprobantes","Comprobantes de Facturación","Comprobantes de Facturación","Español","Físico/Digital","Documento de texto","CLASIFICADA","Según requerimiento","Dirección Administrativa y Financiera","Dirección Administrativa y Financiera","SI","DECRETO 410 DE 1971 Art. 61","Los libros y papeles del comerciante no podrán examinarse por personas distintas de sus propietarios o personas autorizadas para ello, sino para los fines indicados en la Constitución Nacional y mediante orden de autoridad competente.  Los datos referentes a la información financiera y comercial, en los términos de la Ley Estatutaria 1266 de 2008","TOTAL","2023 Jan 02 12:00:00 AM","15 años"
"Comprobantes","Comprobantes por Inflación","Comprobantes por Inflación","Español","Físico/Digital","Documento de texto","CLASIFICADA","Según requerimiento","Dirección Administrativa y Financiera","Dirección Administrativa y Financiera","SI","DECRETO 410 DE 1971 Art. 61","Los libros y papeles del comerciante no podrán examinarse por personas distintas de sus propietarios o personas autorizadas para ello, sino para los fines indicados en la Constitución Nacional y mediante orden de autoridad competente.  Los datos referentes a la información financiera y comercial, en los términos de la Ley Estatutaria 1266 de 2008","TOTAL","2023 Jan 02 12:00:00 AM","15 años"
"Comprobantes","Comprobantes de Ordenes de Trabajo","Comprobantes de Ordenes de Trabajo","Español","Físico/Digital","Documento de texto","CLASIFICADA","Según requerimiento","Dirección Administrativa y Financiera","Dirección Administrativa y Financiera","SI","DECRETO 410 DE 1971 Art. 61","Los libros y papeles del comerciante no podrán examinarse por personas distintas de sus propietarios o personas autorizadas para ello, sino para los fines indicados en la Constitución Nacional y mediante orden de autoridad competente.  Los datos referentes a la información financiera y comercial, en los términos de la Ley Estatutaria 1266 de 2008","TOTAL","2023 Jan 02 12:00:00 AM","15 años"
"Comprobantes de Almacén","Comprobantes de Baja de Bienes de Almacén","Comprobantes de Baja de Bienes de Almacén","Español","Físico/Digital","Documento de texto","RESERVADA","Según requerimiento","Dirección Logística Aeronáutica  / Grupo Almacén","Dirección Logística Aeronáutica  / Grupo Almacén","SI","Artículo 18, 19  LEY 1712 DE 2014, DECISION 486 DE 200 CAN ART. 260,261,262","Secreto comercial, industrial y profesional. Licencias de explotación comercial, información de mantenimiento de aviación de estado por daño a intereses públicos, Las instrucciones en materia diplomática o sobre negociaciones reservadas.","TOTAL","2023 Jan 02 12:00:00 AM","Ilimitado"
"Comprobantes de Almacén","Comprobantes de Ingreso de Almacén","Comprobantes de Ingreso de Almacén","Español","Físico/Digital","Documento de texto","RESERVADA","Según requerimiento","Dirección Logística Aeronáutica  / Grupo Almacén","Dirección Logística Aeronáutica  / Grupo Almacén","SI","Artículo 18, 19  LEY 1712 DE 2014, DECISION 486 DE 200 CAN ART. 260,261,262","Secreto comercial, industrial y profesional. Licencias de explotación comercial, información de mantenimiento de aviación de estado por daño a intereses públicos, Las instrucciones en materia diplomática o sobre negociaciones reservadas.","TOTAL","2023 Jan 02 12:00:00 AM","Ilimitado"
"Comprobantes de Almacén","Comprobantes de Salida de Almacén","Comprobantes de Salida de Almacén","Español","Físico/Digital","Documento de texto","RESERVADA","Según requerimiento","Dirección Logística Aeronáutica  / Grupo Almacén","Dirección Logística Aeronáutica  / Grupo Almacén","SI","Artículo 18, 19  LEY 1712 DE 2014, DECISION 486 DE 200 CAN ART. 260,261,262","Secreto comercial, industrial y profesional. Licencias de explotación comercial, información de mantenimiento de aviación de estado por daño a intereses públicos, Las instrucciones en materia diplomática o sobre negociaciones reservadas.","TOTAL","2023 Jan 02 12:00:00 AM","Ilimitado"
"Comprobantes de Almacén","Comprobantes de Activos Fijos","Comprobantes de Activos Fijos","Español","Físico/Digital","Documento de texto","CLASIFICADA","Según requerimiento","Dirección Administrativa y Financiera - Grupo Gestión Administrativa","Dirección Administrativa y Financiera - Grupo Gestión Administrativa","SI","DECRETO 410 DE 1971 Art. 61","Los libros y papeles del comerciante no podrán examinarse por personas distintas de sus propietarios o personas autorizadas para ello, sino para los fines indicados en la Constitución Nacional y mediante orden de autoridad competente.  Los datos referentes a la información financiera y comercial, en los términos de la Ley Estatutaria 1266 de 2008","TOTAL","2023 Jan 02 12:00:00 AM","15 años"
"Conceptos","Conceptos Jurídicos","Conceptos Jurídicos","Español","Físico/Digital","Documento de texto","CLASIFICADA","Según requerimiento","Grupo Asesor Jurídico","Grupo Asesor Jurídico","SI","DECRETO 410 DE 1971 Art. 61","Los libros y papeles del comerciante no podrán examinarse por personas distintas de sus propietarios o personas autorizadas para ello, sino para los fines indicados en la Constitución Nacional y mediante orden de autoridad competente.  Los datos referentes a la información financiera y comercial, en los términos de la Ley Estatutaria 1266 de 2008","TOTAL","2023 Jan 02 12:00:00 AM","15 años"
"Conceptos","Conceptos Financieros","Conceptos Financieros","Español","Físico/Digital","Documento de texto","CLASIFICADA","Según requerimiento","Dirección Administrativa y Financiera","Dirección Administrativa y Financiera","SI","DECRETO 410 DE 1971 Art. 61","Los libros y papeles del comerciante no podrán examinarse por personas distintas de sus propietarios o personas autorizadas para ello, sino para los fines indicados en la Constitución Nacional y mediante orden de autoridad competente.  Los datos referentes a la información financiera y comercial, en los términos de la Ley Estatutaria 1266 de 2008","TOTAL","2023 Jan 02 12:00:00 AM","15 años"
"Conceptos","Conceptos Presupuestales","Conceptos Presupuestales","Español","Físico/Digital","Documento de texto","CLASIFICADA","Según requerimiento","Dirección Administrativa y Financiera","Dirección Administrativa y Financiera","SI","DECRETO 410 DE 1971 Art. 61","Los libros y papeles del comerciante no podrán examinarse por personas distintas de sus propietarios o personas autorizadas para ello, sino para los fines indicados en la Constitución Nacional y mediante orden de autoridad competente.  Los datos referentes a la información financiera y comercial, en los términos de la Ley Estatutaria 1266 de 2008","TOTAL","2023 Jan 02 12:00:00 AM","15 años"
"Conciliaciones","Conciliaciones Bancarias","Conciliaciones Bancarias","Español","Físico/Digital","Documento de texto","CLASIFICADA","Según requerimiento","Dirección Administrativa y Financiera","Dirección Administrativa y Financiera","SI","DECRETO 410 DE 1971 Art. 61","Los libros y papeles del comerciante no podrán examinarse por personas distintas de sus propietarios o personas autorizadas para ello, sino para los fines indicados en la Constitución Nacional y mediante orden de autoridad competente.  Los datos referentes a la información financiera y comercial, en los términos de la Ley Estatutaria 1266 de 2008","TOTAL","2023 Jan 02 12:00:00 AM","15 años"
"Conciliaciones","Conciliaciones de Nómina","Conciliaciones de Nómina","Español","Físico/Digital","Documento de texto","RESERVADA","Según requerimiento","Dirección Administrativa y Financiera","Dirección Administrativa y Financiera","SI","Ley 594 de 2000 ,  Ley 1581 de 2012 artículos 3, 5 y 6, Sentencia Corte Constitucional T-220/04, C-274/2013 Ley 1755 de 2015, art 27 Artículo  24.","Información Pública Clasificada, datos semi-privados, privados o sensibles, Los que involucren derechos a la privacidad e intimidad de las personas, incluidas en las hojas de vida, la historia laboral y los expedientes pensionales y demás registros de personales","TOTAL","2023 Jan 02 12:00:00 AM","Ilimitado"
"Conciliaciones","Conciliaciones de Propiedad Planta y Equipo","Conciliaciones de Propiedad Planta y Equipo","Español","Físico/Digital","Documento de texto","CLASIFICADA","Según requerimiento","Dirección Administrativa y Financiera","Dirección Administrativa y Financiera","SI","DECRETO 410 DE 1971 Art. 61","Los libros y papeles del comerciante no podrán examinarse por personas distintas de sus propietarios o personas autorizadas para ello, sino para los fines indicados en la Constitución Nacional y mediante orden de autoridad competente.  Los datos referentes a la información financiera y comercial, en los términos de la Ley Estatutaria 1266 de 2008","TOTAL","2023 Jan 02 12:00:00 AM","15 años"
"Consecutivo de Comunicaciones Oficiales","Consecutivo de Comunicaciones Oficiales Enviadas","Consecutivo de Comunicaciones Oficiales Enviadas","Español","Físico/Digital","Documento de texto","CLASIFICADA","Según requerimiento","Todas las dependencias","Todas las dependencias","SI","DECRETO 410 DE 1971 Art. 61","Los libros y papeles del comerciante no podrán examinarse por personas distintas de sus propietarios o personas autorizadas para ello, sino para los fines indicados en la Constitución Nacional y mediante orden de autoridad competente.  Los datos referentes a la información financiera y comercial, en los términos de la Ley Estatutaria 1266 de 2008","TOTAL","2023 Jan 02 12:00:00 AM","15 años"
"Consecutivo de Comunicaciones Oficiales","Consecutivo de Comunicaciones Oficiales Recibidas","Consecutivo de Comunicaciones Oficiales Recibidas","Español","Físico/Digital","Documento de texto","CLASIFICADA","Según requerimiento","Todas las dependencias","Todas las dependencias","SI","DECRETO 410 DE 1971 Art. 61","Los libros y papeles del comerciante no podrán examinarse por personas distintas de sus propietarios o personas autorizadas para ello, sino para los fines indicados en la Constitución Nacional y mediante orden de autoridad competente.  Los datos referentes a la información financiera y comercial, en los términos de la Ley Estatutaria 1266 de 2008","TOTAL","2023 Jan 02 12:00:00 AM","15 años"
"Contratos","Contratos de Prestación de Servicios","Contratos de Prestación de Servicios","Español","Físico/Digital","Documento de texto","CLASIFICADA","Según requerimiento","Grupo de Gestión de Talento Humano","Grupo de Gestión de Talento Humano","SI","Ley 594 de 2000 ,  Ley 1581 de 2012 artículos 3, 5 y 6, Sentencia Corte Constitucional T-220/04, C-274/2013 Ley 1755 de 2015, art 27 Artículo  24.","Información Pública Clasificada, datos semi-privados, privados o sensibles, 
Los que involucren derechos a la privacidad e intimidad de las personas, incluidas en las hojas de vida, la historia laboral y los expedientes pensionales y demás registros de personal que obren en los archivos de las instituciones públicas o privadas, así como la historia clínica.
Los amparados por el secreto profesional.","TOTAL","2023 Jan 02 12:00:00 AM","Ilimitado"
"Contratos","Acuerdos de confidencialidad y memorandos de  entendimiento / Otros Acuerdos","Acuerdos de confidencialidad y memorandos de  entendimiento / Otros Acuerdos","Español","Físico/Digital","Documento de texto","CLASIFICADA","Según requerimiento","Grupo Asesor Jurídico","Grupo Asesor Jurídico","SI","Artículo 18 LEY 1712 DE 2014, DECISION 486 DE 200 CAN ART. 260,261,262","Secreto comercial, industrial y profesional. Licencias de explotación comercial 
Los protegidos por el secreto comercial o industrial, así como los planes estratégicos de las empresas públicas de servicios públicos.","TOTAL","2023 Jan 02 12:00:00 AM","Ilimitado"
"Contratos","Contratos de Aprendizaje","Contratos de Aprendizaje","Español","Físico/Digital","Documento de texto","CLASIFICADA","Según requerimiento","Grupo de Gestión de Talento Humano","Grupo de Gestión de Talento Humano","SI","Ley 594 de 2000 ,  Ley 1581 de 2012 artículos 3, 5 y 6, Sentencia Corte Constitucional T-220/04, C-274/2013 Ley 1755 de 2015, art 27 Artículo  24.","Información Pública Clasificada, datos semi-privados, privados o sensibles, 
Los que involucren derechos a la privacidad e intimidad de las personas, incluidas en las hojas de vida, la historia laboral y los expedientes pensionales y demás registros de personal que obren en los archivos de las instituciones públicas o privadas, así como la historia clínica.
Los amparados por el secreto profesional.","TOTAL","2023 Jan 02 12:00:00 AM","15 años"
"Control de Asistencia Grupos Primarios","Registro de asistencia a reuniones de Grupo Primario","Registro de asistencia a reuniones de Grupo Primario","Español","Físico/Digital","Documento de texto","CLASIFICADA","Eventual","Todas las dependencias","Todas las dependencias","SI","DECRETO 410 DE 1971 Art. 61","Los libros y papeles del comerciante no podrán examinarse por personas distintas de sus propietarios o personas autorizadas para ello, sino para los fines indicados en la Constitución Nacional y mediante orden de autoridad competente.  Los datos referentes a la información financiera y comercial, en los términos de la Ley Estatutaria 1266 de 2008","TOTAL","2023 Jan 02 12:00:00 AM","15 años"
"Controles Personal","Controles personal - Roster de personal","Controles personal - Roster de personal","Español","Físico/Digital","Documento de texto","CLASIFICADA","Diaria","Oficina de Control Calidad","Oficina de Control Calidad","SI","Ley 594 de 2000 ,  Ley 1581 de 2012 artículos 3, 5 y 6, Sentencia Corte Constitucional T-220/04, C-274/2013 Ley 1755 de 2015, art 27 Artículo  24.","Información Pública Clasificada, datos semi-privados, privados o sensibles, 
Los que involucren derechos a la privacidad e intimidad de las personas, incluidas en las hojas de vida, la historia laboral y los expedientes pensionales y demás registros de personal que obren en los archivos de las instituciones públicas o privadas, así como la historia clínica.
Los amparados por el secreto profesional.","TOTAL","2023 Jan 02 12:00:00 AM","Ilimitado"
"Controles Personal","Controles personal - Autorizaciones personal","Controles personal - Autorizaciones personal","Español","Físico/Digital","Documento de texto","CLASIFICADA","Según requerimiento","Oficina de Control Calidad","Oficina de Control Calidad","SI","Artículo 18 LEY 1712 DE 2014, DECISION 486 DE 200 CAN ART. 260,261,262","Secreto comercial, industrial y profesional. Licencias de explotación comercial 
Los protegidos por el secreto comercial o industrial, así como los planes estratégicos de las empresas públicas de servicios públicos.","TOTAL","2023 Jan 02 12:00:00 AM","Ilimitado"
"Controles Personal","Controles personal - Certificaciones","Controles personal - Certificaciones","Español","Físico/Digital","Documento de texto","CLASIFICADA","Según requerimiento","Oficina de Control Calidad","Oficina de Control Calidad","SI","Ley 594 de 2000 ,  Ley 1581 de 2012 artículos 3, 5 y 6, Sentencia Corte Constitucional T-220/04, C-274/2013 Ley 1755 de 2015, art 27 Artículo  24.","Información Pública Clasificada, datos semi-privados, privados o sensibles, 
Los que involucren derechos a la privacidad e intimidad de las personas, incluidas en las hojas de vida, la historia laboral y los expedientes pensionales y demás registros de personal que obren en los archivos de las instituciones públicas o privadas, así como la historia clínica.
Los amparados por el secreto profesional.","TOTAL","2023 Jan 02 12:00:00 AM","Ilimitado"
"Controles Personal","Controles personal - Control de sellos","Controles personal - Control de sellos","Español","Físico/Digital","Documento de texto","PUBLICABLE","Según requerimiento","Oficina de Control Calidad","Oficina de Control Calidad","N/A","N/A","N/A","N/A","2023 Jan 02 12:00:00 AM","Lo estipulado en la tabla de retención para el tiempo de conservación en el archivo central"
"Convenios","Convenios de asociacion y cooperacion","Convenios de asociacion y cooperacion","Español","Físico/Digital","Documento de texto","CLASIFICADA","Según requerimiento","Grupo Asesor Jurídico","Grupo Asesor Jurídico","SI","Artículo 18 LEY 1712 DE 2014, DECISION 486 DE 200 CAN ART. 260,261,262","Secreto comercial, industrial y profesional. Licencias de explotación comercial 
Los protegidos por el secreto comercial o industrial, así como los planes estratégicos de las empresas públicas de servicios públicos.","TOTAL","2023 Jan 02 12:00:00 AM","Ilimitado"
"Dato técnico","Dato Técnico QAP (Quality Assurance Plan)","Dato Técnico QAP (Quality Assurance Plan)","Español","Físico/Digital","Documento de texto","CLASIFICADA","Diaria","Oficina de Control Calidad","Oficina de Control Calidad","SI","Artículo 18 LEY 1712 DE 2014, DECISION 486 DE 200 CAN ART. 260,261,262","Secreto comercial, industrial y profesional. Licencias de explotación comercial 
Los protegidos por el secreto comercial o industrial, así como los planes estratégicos de las empresas públicas de servicios públicos.","TOTAL","2023 Jan 02 12:00:00 AM","Ilimitado"
"Dato técnico","Dato Técnico Autoridad Aviación de Estado","Dato Técnico Autoridad Aviación de Estado","Español","Físico/Digital","Documento de texto","RESERVADA","Diaria","Oficina de Control Calidad","Oficina de Control Calidad","SI","Artículo 18, 19  LEY 1712 DE 2014, DECISION 486 DE 200 CAN ART. 260,261,262","Secreto comercial, industrial y profesional. Licencias de explotación comercial, información de mantenimiento de aviación de estado por daño a intereses públicos, Las instrucciones en materia diplomática o sobre negociaciones reservadas.","TOTAL","2023 Jan 02 12:00:00 AM","Ilimitado"
"Dato técnico","Dato Técnico FAA (Federal Aviation Administration)","Dato Técnico FAA (Federal Aviation Administration)","Español","Físico/Digital","Documento de texto","RESERVADA","Diaria","Oficina de Control Calidad","Oficina de Control Calidad","SI","Artículo 18 LEY 1712 DE 2014, DECISION 486 DE 200 CAN ART. 260,261,262","Secreto comercial, industrial y profesional. Licencias de explotación comercial 
Los protegidos por el secreto comercial o industrial, así como los planes estratégicos de las empresas públicas de servicios públicos.","TOTAL","2023 Jan 02 12:00:00 AM","Ilimitado"
"Dato técnico","Dato Técnico NDT","Dato Técnico NDT","Español","Físico/Digital","Documento de texto","RESERVADA","Diaria","Oficina de Control Calidad","Oficina de Control Calidad","SI","Artículo 18 LEY 1712 DE 2014, DECISION 486 DE 200 CAN ART. 260,261,262","Secreto comercial, industrial y profesional. Licencias de explotación comercial 
Los protegidos por el secreto comercial o industrial, así como los planes estratégicos de las empresas públicas de servicios públicos.","TOTAL","2023 Jan 02 12:00:00 AM","Ilimitado"
"Dato técnico","Dato Técnico SRVSOP (Sistema Regional de Cooperación para la Vigilancia de la Seguridad Operacional)","Dato Técnico SRVSOP (Sistema Regional de Cooperación para la Vigilancia de la Seguridad Operacional)","Español","Físico/Digital","Documento de texto","RESERVADA","Diaria","Oficina de Control Calidad","Oficina de Control Calidad","SI","Artículo 18 LEY 1712 DE 2014, DECISION 486 DE 200 CAN ART. 260,261,262","Secreto comercial, industrial y profesional. Licencias de explotación comercial 
Los protegidos por el secreto comercial o industrial, así como los planes estratégicos de las empresas públicas de servicios públicos.","TOTAL","2023 Jan 02 12:00:00 AM","Ilimitado"
"Dato técnico","Dato Técnico UAEAC (Unidad Administrativa Especial de Aeronáutica Civil)","Dato Técnico UAEAC (Unidad Administrativa Especial de Aeronáutica Civil)","Español","Físico/Digital","Documento de texto","RESERVADA","Diaria","Oficina de Control Calidad","Oficina de Control Calidad","SI","Artículo 18 LEY 1712 DE 2014, DECISION 486 DE 200 CAN ART. 260,261,262","Secreto comercial, industrial y profesional. Licencias de explotación comercial 
Los protegidos por el secreto comercial o industrial, así como los planes estratégicos de las empresas públicas de servicios públicos.","TOTAL","2023 Jan 02 12:00:00 AM","Ilimitado"
"Declaraciones","Declaraciones Aduaneras de Ingresos","Declaraciones Aduaneras de Ingresos","Español","Físico/Digital","Documento de texto","CLASIFICADA","Según requerimiento","Dirección Logística Aeronáutica  / Grupo Comercio Exterior","Dirección Logística Aeronáutica  / Grupo Comercio Exterior","SI","DECRETO 410 DE 1971 Art. 61","Los libros y papeles del comerciante no podrán examinarse por personas distintas de sus propietarios o personas autorizadas para ello, sino para los fines indicados en la Constitución Nacional y mediante orden de autoridad competente.  Los datos referentes a la información financiera y comercial, en los términos de la Ley Estatutaria 1266 de 2008","TOTAL","2023 Jan 02 12:00:00 AM","15 años"
"Declaraciones","Declaraciones Aduaneras de Salidas","Declaraciones Aduaneras de Salidas","Español","Físico/Digital","Documento de texto","CLASIFICADA","Según requerimiento","Dirección Logística Aeronáutica  / Grupo Comercio Exterior","Dirección Logística Aeronáutica  / Grupo Comercio Exterior","SI","DECRETO 410 DE 1971 Art. 61","Los libros y papeles del comerciante no podrán examinarse por personas distintas de sus propietarios o personas autorizadas para ello, sino para los fines indicados en la Constitución Nacional y mediante orden de autoridad competente.  Los datos referentes a la información financiera y comercial, en los términos de la Ley Estatutaria 1266 de 2008","TOTAL","2023 Jan 02 12:00:00 AM","15 años"
"Declaraciones","Declaraciones Tributarias","Declaraciones Tributarias","Español","Físico/Digital","Documento de texto","CLASIFICADA","Según requerimiento","Dirección Administrativa y Financiera","Dirección Administrativa y Financiera","SI","DECRETO 410 DE 1971 Art. 61","Los libros y papeles del comerciante no podrán examinarse por personas distintas de sus propietarios o personas autorizadas para ello, sino para los fines indicados en la Constitución Nacional y mediante orden de autoridad competente.  Los datos referentes a la información financiera y comercial, en los términos de la Ley Estatutaria 1266 de 2008","TOTAL","2023 Jan 02 12:00:00 AM","15 años"
"Derechos de Petición","Derechos de petición, Atención a PQRSD, Respuesta derecho de petición, Comunicaciones y Respuestas","Derechos de petición, Atención a PQRSD, Respuesta derecho de petición, Comunicaciones y Respuestas","Español","Físico/Digital","Documento de texto","CLASIFICADA","Según requerimiento","Todas las dependencias","Subgerencia General","SI","Ley 594 de 2000 ,  Ley 1581 de 2012 artículos 3, 5 y 6, Sentencia Corte Constitucional T-220/04, C-274/2013 Ley 1755 de 2015, art 27 Artículo  24.","Información Pública Clasificada, datos semi-privados, privados o sensibles, Los que involucren derechos a la privacidad e intimidad de las personas, incluidas en las hojas de vida, la historia laboral y los expedientes pensionales y demás registros de personales","TOTAL","2023 Jan 02 12:00:00 AM","Lo estipulado en la tabla de retención para el tiempo de conservación en el archivo central"
"Diseños","Diseños de Aeronaves No-Tripuladas","Diseños de Aeronaves No-Tripuladas","Español","Físico/Digital","Documento de texto","CLASIFICADA","Según requerimiento","Dirección de Producción / Gupo Diseño y Dessarollo","Dirección de Producción / Gupo Diseño y Dessarollo","SI","DECRETO 410 DE 1971 Art. 61","Los libros y papeles del comerciante no podrán examinarse por personas distintas de sus propietarios o personas autorizadas para ello, sino para los fines indicados en la Constitución Nacional y mediante orden de autoridad competente.  Los datos referentes a la información financiera y comercial, en los términos de la Ley Estatutaria 1266 de 2008","TOTAL","2023 Jan 02 12:00:00 AM","15 años"
"Diseños","Diseños de Aeronaves Tripuladas","Diseños de Aeronaves Tripuladas","Español","Físico/Digital","Documento de texto","CLASIFICADA","Según requerimiento","Dirección de Producción / Gupo Diseño y Dessarollo","Dirección de Producción / Gupo Diseño y Dessarollo","SI","DECRETO 410 DE 1971 Art. 61","Los libros y papeles del comerciante no podrán examinarse por personas distintas de sus propietarios o personas autorizadas para ello, sino para los fines indicados en la Constitución Nacional y mediante orden de autoridad competente.  Los datos referentes a la información financiera y comercial, en los términos de la Ley Estatutaria 1266 de 2008","TOTAL","2023 Jan 02 12:00:00 AM","15 años"
"Estudios","Estudios de Ingeniería","Estudios de Ingeniería","Español","Físico/Digital","Documento de texto","CLASIFICADA","Según requerimiento","Dirección de Prestación del Servicio","Dirección de Prestación del Servicio","SI","DECRETO 410 DE 1971 Art. 61","Los libros y papeles del comerciante no podrán examinarse por personas distintas de sus propietarios o personas autorizadas para ello, sino para los fines indicados en la Constitución Nacional y mediante orden de autoridad competente.  Los datos referentes a la información financiera y comercial, en los términos de la Ley Estatutaria 1266 de 2008","TOTAL","2023 Jan 02 12:00:00 AM","15 años"
"Historia Laboral","Historia Laboral","Historia Laboral","Español","Físico/Digital","Documento de texto","CLASIFICADA","Según requerimiento","Grupo de Gestión de Talento Humano","Grupo de Gestión de Talento Humano","SI","Ley 594 de 2000 ,  Ley 1581 de 2012 artículos 3, 5 y 6, Sentencia Corte Constitucional T-220/04, C-274/2013 Ley 1755 de 2015, art 27 Artículo  24.","Información Pública Clasificada, datos semi-privados, privados o sensibles, Los que involucren derechos a la privacidad e intimidad de las personas, incluidas en las hojas de vida, la historia laboral y los expedientes pensionales y demás registros de personales","TOTAL","2023 Jan 02 12:00:00 AM","15 años"
"Historiales","Historiales de Bienes Inmuebles","Historiales de Bienes Inmuebles","Español","Físico/Digital","Documento de texto","PUBLICABLE","Según requerimiento","Dirección Administrativa y Financiera - Grupo Gestión Administrativa","Dirección Administrativa y Financiera - Grupo Gestión Administrativa","N/A","N/A","N/A","N/A","2023 Jan 02 12:00:00 AM","Lo estipulado en la tabla de retención para el tiempo de conservación en el archivo central"
"Historiales","Historiales de Vehículos","Historiales de Vehículos","Español","Físico/Digital","Documento de texto","PUBLICABLE","Según requerimiento","Dirección Administrativa y Financiera - Grupo Gestión Administrativa","Dirección Administrativa y Financiera - Grupo Gestión Administrativa","N/A","N/A","N/A","N/A","2023 Jan 02 12:00:00 AM","Lo estipulado en la tabla de retención para el tiempo de conservación en el archivo central"
"Historiales","Historiales de Blindajes de Aviones","Historiales de Blindajes de Aviones","Español","Físico/Digital","Documento de texto","CLASIFICADA","Según requerimiento","Dirección de Producción / Gupo Fabricación","Dirección de Producción / Gupo Fabricación","SI","DECRETO 410 DE 1971 Art. 61","Los libros y papeles del comerciante no podrán examinarse por personas distintas de sus propietarios o personas autorizadas para ello, sino para los fines indicados en la Constitución Nacional y mediante orden de autoridad competente.  Los datos referentes a la información financiera y comercial, en los términos de la Ley Estatutaria 1266 de 2008","TOTAL","2023 Jan 02 12:00:00 AM","15 años"
"Historiales","Historiales de Fabricación de Aviones","Historiales de Fabricación de Aviones","Español","Físico/Digital","Documento de texto","CLASIFICADA","Según requerimiento","Dirección de Producción / Gupo Fabricación","Dirección de Producción / Gupo Fabricación","SI","DECRETO 410 DE 1971 Art. 61","Los libros y papeles del comerciante no podrán examinarse por personas distintas de sus propietarios o personas autorizadas para ello, sino para los fines indicados en la Constitución Nacional y mediante orden de autoridad competente.  Los datos referentes a la información financiera y comercial, en los términos de la Ley Estatutaria 1266 de 2008","TOTAL","2023 Jan 02 12:00:00 AM","15 años"
"Historiales","Historiales de Equipo y Maquinaria","Historiales de Equipo y Maquinaria","Español","Físico/Digital","Documento de texto","PUBLICABLE","Según requerimiento","Centro de Entrenamiento","Centro de Entrenamiento","N/A","N/A","N/A","N/A","2023 Jan 02 12:00:00 AM","Lo estipulado en la tabla de retención para el tiempo de conservación en el archivo central"
"Historiales","Historiales de Equipo y Maquinaria","Historiales de Equipo y Maquinaria","Español","Físico/Digital","Documento de texto","PUBLICABLE","Según requerimiento","Centro de Entrenamiento","Centro de Entrenamiento","N/A","N/A","N/A","N/A","2023 Jan 02 12:00:00 AM","Lo estipulado en la tabla de retención para el tiempo de conservación en el archivo central"
"Informe","Informe Análisis contexto de la organización","Informe Análisis contexto de la organización","Español","Físico/Digital","Documento de texto","PUBLICABLE","Según requerimiento","Oficina de Planeación, Innovación y Desarrollo","Oficina de Planeación, Innovación y Desarrollo /Sistema Integrado de Gestión de la Calidad Aeronáutica","N/A","N/A","N/A","N/A","2023 Jan 02 12:00:00 AM","Lo estipulado en la tabla de retención para el tiempo de conservación en el archivo central"
"Informe","Informes de Auditoría Entes Certificadores","Informes de Auditoría Entes Certificadores","Español","Físico/Digital","Documento de texto","CLASIFICADA","Según requerimiento","Oficina de Planeación, Innovación y Desarrollo","Oficina de Planeación, Innovación y Desarrollo /Sistema Integrado de Gestión de la Calidad Aeronáutica","SI","DECRETO 410 DE 1971 Art. 61","Los libros y papeles del comerciante no podrán examinarse por personas distintas de sus propietarios o personas autorizadas para ello, sino para los fines indicados en la Constitución Nacional y mediante orden de autoridad competente.  Los datos referentes a la información financiera y comercial, en los términos de la Ley Estatutaria 1266 de 2008","TOTAL","2023 Jan 02 12:00:00 AM","15 años"
"Informe de Auditoría","Informe de Auditoría","Informe de Auditoría","Español/Inglés","Físico/Digital","Documento de texto","CLASIFICADA","Según requerimiento","Oficina de Planeación, Innovación y Desarrollo/Grupo Aseguramiento de la Calidad GASEC","Oficina de Planeación, Innovación y Desarrollo/Grupo Aseguramiento de la Calidad GASEC","SI","DECRETO 410 DE 1971 Art. 61","Los libros y papeles del comerciante no podrán examinarse por personas distintas de sus propietarios o personas autorizadas para ello, sino para los fines indicados en la Constitución Nacional y mediante orden de autoridad competente.  Los datos referentes a la información financiera y comercial, en los términos de la Ley Estatutaria 1266 de 2008","TOTAL","2023 Jan 02 12:00:00 AM","15 años"
"Informes","Informes de Baja de Bienes","Informes de Baja de Bienes","Inglés","Físico/Digital","Documento de texto","CLASIFICADA","Según requerimiento","Dirección Administrativa y Financiera - Grupo Gestión Administrativa","Dirección Administrativa y Financiera - Grupo Gestión Administrativa","SI","DECRETO 410 DE 1971 Art. 61","Los libros y papeles del comerciante no podrán examinarse por personas distintas de sus propietarios o personas autorizadas para ello, sino para los fines indicados en la Constitución Nacional y mediante orden de autoridad competente.  Los datos referentes a la información financiera y comercial, en los términos de la Ley Estatutaria 1266 de 2008","TOTAL","2023 Jan 02 12:00:00 AM","15 años"
"Informes","Informes de Conciliación Bancaria","Informes de Conciliación Bancaria","Español","Físico/Digital","Documento de texto","CLASIFICADA","Según requerimiento","Oficina de Control Interno","Oficina de Control Interno","SI","Artículo 18 LEY 1712 DE 2014, DECISION 486 DE 200 CAN ART. 260,261,262","Secreto comercial, industrial y profesional. Licencias de explotación comercial 
Los protegidos por el secreto comercial o industrial, así como los planes estratégicos de las empresas públicas de servicios públicos.","TOTAL","2023 Jan 02 12:00:00 AM","Ilimitado"
"Informes","Informes de Derechos de Autor","Informes de Derechos de Autor","Español","Físico/Digital","Documento de texto","CLASIFICADA","Según requerimiento","Oficina de Control Interno","Oficina de Control Interno","SI","Artículo 18 LEY 1712 DE 2014, DECISION 486 DE 200 CAN ART. 260,261,262","Secreto comercial, industrial y profesional. Licencias de explotación comercial 
Los protegidos por el secreto comercial o industrial, así como los planes estratégicos de las empresas públicas de servicios públicos.","TOTAL","2023 Jan 02 12:00:00 AM","Ilimitado"
"Informes","Informes EKOGUI","Informes EKOGUI","Español","Físico/Digital","Documento de texto","CLASIFICADA","Según requerimiento","Oficina de Control Interno","Oficina de Control Interno","SI","Ley 594 de 2000 ,  Ley 1581 de 2012 artículos 3, 5 y 6, Sentencia Corte Constitucional T-220/04, C-274/2013 Ley 1755 de 2015, art 27 Artículo  24.","Información Pública Clasificada, datos semi-privados, privados o sensibles, Los que involucren derechos a la privacidad e intimidad de las personas, incluidas en las hojas de vida, la historia laboral y los expedientes pensionales y demás registros de personal que obren en los archivos de las instituciones públicas o privadas, así como la historia clínica. Los amparados por el secreto profesional.","TOTAL","2023 Jan 02 12:00:00 AM","Ilimitado"
"Informes","Informes de Evaluación Control Interno Contable","Informes de Evaluación Control Interno Contable","Español","Físico/Digital","Documento de texto","CLASIFICADA","Según requerimiento","Oficina de Control Interno","Oficina de Control Interno","SI","Artículo 18 LEY 1712 DE 2014, DECISION 486 DE 200 CAN ART. 260,261,262","Secreto comercial, industrial y profesional. Licencias de explotación comercial 
Los protegidos por el secreto comercial o industrial, así como los planes estratégicos de las empresas públicas de servicios públicos.","TOTAL","2023 Jan 02 12:00:00 AM","Ilimitado"
"Informes","Informes de Derechos de Petición (PQRSD)","Informes de Derechos de Petición (PQRSD)","Español","Físico/Digital","Documento de texto","CLASIFICADA","Según requerimiento","Oficina de Control Interno","Oficina de Control Interno","SI","Ley 594 de 2000 ,  Ley 1581 de 2012 artículos 3, 5 y 6, Sentencia Corte Constitucional T-220/04, C-274/2013 Ley 1755 de 2015, art 27 Artículo  24.","Información Pública Clasificada, datos semi-privados, privados o sensibles, 
Los que involucren derechos a la privacidad e intimidad de las personas, incluidas en las hojas de vida, la historia laboral y los expedientes pensionales y demás registros de personal que obren en los archivos de las instituciones públicas o privadas, así como la historia clínica.
Los amparados por el secreto profesional.","TOTAL","2023 Jan 02 12:00:00 AM","Ilimitado"
"Informes","Informes de Nómina y Liquidaciones","Informes de Nómina y Liquidaciones","Español","Físico/Digital","Documento de texto","CLASIFICADA","Según requerimiento","Oficina de Control Interno","Oficina de Control Interno","SI","Ley 594 de 2000 ,  Ley 1581 de 2012 artículos 3, 5 y 6, Sentencia Corte Constitucional T-220/04, C-274/2013 Ley 1755 de 2015, art 27 Artículo  24.","Información Pública Clasificada, datos semi-privados, privados o sensibles, 
Los que involucren derechos a la privacidad e intimidad de las personas, incluidas en las hojas de vida, la historia laboral y los expedientes pensionales y demás registros de personal que obren en los archivos de las instituciones públicas o privadas, así como la historia clínica.
Los amparados por el secreto profesional.","TOTAL","2023 Jan 02 12:00:00 AM","Ilimitado"
"Informes","Informe Institucionales de Evaluacion de Desempeño","Informe Institucionales de Evaluacion de Desempeño","Español","Físico/Digital","Documento de texto","CLASIFICADA","Según requerimiento","Oficina de Control Interno","Oficina de Control Interno","SI","Ley 594 de 2000 ,  Ley 1581 de 2012 artículos 3, 5 y 6, Sentencia Corte Constitucional T-220/04, C-274/2013 Ley 1755 de 2015, art 27 Artículo  24.","Información Pública Clasificada, datos semi-privados, privados o sensibles, 
Los que involucren derechos a la privacidad e intimidad de las personas, incluidas en las hojas de vida, la historia laboral y los expedientes pensionales y demás registros de personal que obren en los archivos de las instituciones públicas o privadas, así como la historia clínica.
Los amparados por el secreto profesional.","TOTAL","2023 Jan 02 12:00:00 AM","Ilimitado"
"Informes","Informes de Investigaciones de Accidentes e Incidentes  de Aeronaves","Informes de Investigaciones de Accidentes e Incidentes  de Aeronaves","Español","Físico/Digital","Documento de texto","CLASIFICADA","Según requerimiento","Grupo Seguridad Integral","Grupo Seguridad Integral","SI","Artículo 18 LEY 1712 DE 2014, DECISION 486 DE 200 CAN ART. 260,261,262","Secreto comercial, industrial y profesional. Licencias de explotación comercial 
Los protegidos por el secreto comercial o industrial, así como los planes estratégicos de las empresas públicas de servicios públicos.","TOTAL","2023 Jan 02 12:00:00 AM","Ilimitado"
"Informes","Informes a Otras Entidades","Informes a Otras Entidades","Español","Físico/Digital","Documento de texto","CLASIFICADA","Según requerimiento","Todas las dependencias","Todas las dependencias","SI","DECRETO 410 DE 1971 Art. 61","Los libros y papeles del comerciante no podrán examinarse por personas distintas de sus propietarios o personas autorizadas para ello, sino para los fines indicados en la Constitución Nacional y mediante orden de autoridad competente.  Los datos referentes a la información financiera y comercial, en los términos de la Ley Estatutaria 1266 de 2008","TOTAL","2023 Jan 02 12:00:00 AM","15 años"
"Informes","Informes de Investigaciones de Accidentes de Trabajo","Informes de Investigaciones de Accidentes de Trabajo","Español","Físico/Digital","Documento de texto","CLASIFICADA","Según requerimiento","Grupo Seguridad Integral","Grupo Seguridad Integral","SI","Ley 594 de 2000 ,  Ley 1581 de 2012 artículos 3, 5 y 6, Sentencia Corte Constitucional T-220/04, C-274/2013 Ley 1755 de 2015, art 27 Artículo  24.","Información Pública Clasificada, datos semi-privados, privados o sensibles, 
Los que involucren derechos a la privacidad e intimidad de las personas, incluidas en las hojas de vida, la historia laboral y los expedientes pensionales y demás registros de personal que obren en los archivos de las instituciones públicas o privadas, así como la historia clínica.
Los amparados por el secreto profesional.","TOTAL","2023 Jan 02 12:00:00 AM","Ilimitado"
"Informes","Informes de Evaluación del Sistema de Control Interno (MECI-MIPG-FURAG)","Informes de Evaluación del Sistema de Control Interno (MECI-MIPG-FURAG)","Español","Físico/Digital","Documento de texto","CLASIFICADA","Según requerimiento","Oficina de Control Interno","Oficina de Control Interno","SI","DECRETO 410 DE 1971 Art. 61","Los libros y papeles del comerciante no podrán examinarse por personas distintas de sus propietarios o personas autorizadas para ello, sino para los fines indicados en la Constitución Nacional y mediante orden de autoridad competente.  Los datos referentes a la información financiera y comercial, en los términos de la Ley Estatutaria 1266 de 2008","TOTAL","2023 Jan 02 12:00:00 AM","15 años"
"Informes","Informes a Órganos de Control y Vigilancia","Informes a Órganos de Control y Vigilancia","Español","Físico/Digital","Documento de texto","CLASIFICADA","Según requerimiento","Oficina de Control Interno","Oficina de Control Interno","SI","DECRETO 410 DE 1971 Art. 61","Los libros y papeles del comerciante no podrán examinarse por personas distintas de sus propietarios o personas autorizadas para ello, sino para los fines indicados en la Constitución Nacional y mediante orden de autoridad competente.  Los datos referentes a la información financiera y comercial, en los términos de la Ley Estatutaria 1266 de 2008","TOTAL","2023 Jan 02 12:00:00 AM","15 años"
"Informes","Informes Pormenorizados del Estado de Control Interno","Informes Pormenorizados del Estado de Control Interno","Español","Físico/Digital","Documento de texto","CLASIFICADA","Según requerimiento","Oficina de Control Interno","Oficina de Control Interno","SI","DECRETO 410 DE 1971 Art. 61","Los libros y papeles del comerciante no podrán examinarse por personas distintas de sus propietarios o personas autorizadas para ello, sino para los fines indicados en la Constitución Nacional y mediante orden de autoridad competente.  Los datos referentes a la información financiera y comercial, en los términos de la Ley Estatutaria 1266 de 2008","TOTAL","2023 Jan 02 12:00:00 AM","15 años"
"Informes","Informes a Órganos de Control y Vigilancia","Informes a Órganos de Control y Vigilancia","Español","Físico/Digital","Documento de texto","CLASIFICADA","Según requerimiento","Oficina de Control Interno","Oficina de Control Interno","SI","DECRETO 410 DE 1971 Art. 61","Los libros y papeles del comerciante no podrán examinarse por personas distintas de sus propietarios o personas autorizadas para ello, sino para los fines indicados en la Constitución Nacional y mediante orden de autoridad competente.  Los datos referentes a la información financiera y comercial, en los términos de la Ley Estatutaria 1266 de 2008","TOTAL","2023 Jan 02 12:00:00 AM","15 años"
"Informes","Informes del Plan Anticorrupción y Atención al Ciudadano","Informes del Plan Anticorrupción y Atención al Ciudadano","Español","Físico/Digital","Documento de texto","PUBLICABLE","Según requerimiento","Oficina de Control Interno","Oficina de Control Interno","N/A","N/A","N/A","N/A","2023 Jan 02 12:00:00 AM","Lo estipulado en la tabla de retención para el tiempo de conservación en el archivo central"
"Informes","Informes de Seguimiento al Programa de Gestión Documental","Informes de Seguimiento al Programa de Gestión Documental","Español","Físico/Digital","Documento de texto","PUBLICABLE","Según requerimiento","Oficina de Control Interno","Oficina de Control Interno","N/A","N/A","N/A","N/A","2023 Jan 02 12:00:00 AM","Lo estipulado en la tabla de retención para el tiempo de conservación en el archivo central"
"Informes","Informes de Evaluación por Dependencias","Informes de Evaluación por Dependencias","Español","Físico/Digital","Documento de texto","CLASIFICADA","Según requerimiento","Oficina de Control Interno","Oficina de Control Interno","SI","DECRETO 410 DE 1971 Art. 61","Los libros y papeles del comerciante no podrán examinarse por personas distintas de sus propietarios o personas autorizadas para ello, sino para los fines indicados en la Constitución Nacional y mediante orden de autoridad competente.  Los datos referentes a la información financiera y comercial, en los términos de la Ley Estatutaria 1266 de 2008","TOTAL","2023 Jan 02 12:00:00 AM","15 años"
"Informes","Informes de Seguridad Integral","Informes de Seguridad Integral","Español","Físico/Digital","Documento de texto","RESERVADA","Según requerimiento","Grupo Seguridad Integral","Grupo Seguridad Integral","SI","Artículo 18, 19  LEY 1712 DE 2014, DECISION 486 DE 200 CAN ART. 260,261,262","Secreto comercial, industrial y profesional. Licencias de explotación comercial, información de mantenimiento de aviación de estado por daño a intereses públicos, Las instrucciones en materia diplomática o sobre negociaciones reservadas.","TOTAL","2023 Jan 02 12:00:00 AM","Lo estipulado en la tabla de retención para el tiempo de conservación en el archivo central"
"Informes","Informes de Evaluación Satisfacción al Cliente","Informes de Evaluación Satisfacción al Cliente","Español","Físico/Digital","Documento de texto","RESERVADA","Según requerimiento","Dirección Promoción y Venta","Dirección Promoción y Venta","SI","Artículo 18, 19  LEY 1712 DE 2014, DECISION 486 DE 200 CAN ART. 260,261,262","Secreto comercial, industrial y profesional. Licencias de explotación comercial, información de mantenimiento de aviación de estado por daño a intereses públicos, Las instrucciones en materia diplomática o sobre negociaciones reservadas.","TOTAL","2023 Jan 02 12:00:00 AM","Lo estipulado en la tabla de retención para el tiempo de conservación en el archivo central"
"Informes","Informes de Ataques Cibernéticos","Informes de Ataques Cibernéticos","Español","Físico/Digital","Documento de texto","RESERVADA","Según requerimiento","Grupo de Gestión TICs","Grupo de Gestión TICs","SI","Artículo 18, 19  LEY 1712 DE 2014, DECISION 486 DE 200 CAN ART. 260,261,262","Secreto comercial, industrial y profesional. Licencias de explotación comercial, información de mantenimiento de aviación de estado por daño a intereses públicos, Las instrucciones en materia diplomática o sobre negociaciones reservadas.","TOTAL","2023 Jan 02 12:00:00 AM","Lo estipulado en la tabla de retención para el tiempo de conservación en el archivo central"
"Informes","Informes de Hacking Ético","Informes de Hacking Ético","Español","Físico/Digital","Documento de texto","RESERVADA","Según requerimiento","Grupo de Gestión TICs","Grupo de Gestión TICs","SI","Artículo 18, 19  LEY 1712 DE 2014, DECISION 486 DE 200 CAN ART. 260,261,262","Secreto comercial, industrial y profesional. Licencias de explotación comercial, información de mantenimiento de aviación de estado por daño a intereses públicos, Las instrucciones en materia diplomática o sobre negociaciones reservadas.","TOTAL","2023 Jan 02 12:00:00 AM","Lo estipulado en la tabla de retención para el tiempo de conservación en el archivo central"
"Informes","Informes de Seguridad Informática","Informes de Seguridad Informática","Español","Físico/Digital","Documento de texto","CLASIFICADA","Según requerimiento","Grupo de Gestión TICs","Grupo de Gestión TICs","SI","DECRETO 410 DE 1971 Art. 61","Los libros y papeles del comerciante no podrán examinarse por personas distintas de sus propietarios o personas autorizadas para ello, sino para los fines indicados en la Constitución Nacional y mediante orden de autoridad competente.  Los datos referentes a la información financiera y comercial, en los términos de la Ley Estatutaria 1266 de 2008","TOTAL","2023 Jan 02 12:00:00 AM","15 años"
"Informes","Informes de Caja Mejor y Selectivas de Bodegas y Almacen Principal","Informes de Caja Mejor y Selectivas de Bodegas y Almacen Principal","Español","Físico/Digital","Documento de texto","CLASIFICADA","Según requerimiento","Oficina de Control Interno","Oficina de Control Interno","SI","DECRETO 410 DE 1971 Art. 61","Los libros y papeles del comerciante no podrán examinarse por personas distintas de sus propietarios o personas autorizadas para ello, sino para los fines indicados en la Constitución Nacional y mediante orden de autoridad competente.  Los datos referentes a la información financiera y comercial, en los términos de la Ley Estatutaria 1266 de 2008","TOTAL","2023 Jan 02 12:00:00 AM","15 años"
"Informes","Informes de Austeridad en el Gasto Público","Informes de Austeridad en el Gasto Público","Español","Físico/Digital","Documento de texto","PUBLICABLE","Según requerimiento","Dirección Administrativa y Financiera","Dirección Administrativa y Financiera","N/A","N/A","N/A","N/A","2023 Jan 02 12:00:00 AM","Lo estipulado en la tabla de retención para el tiempo de conservación en el archivo central"
"Informes","Informes de Comunicación","Informes de Comunicación","Español","Físico/Digital","Documento de texto","CLASIFICADA","Según requerimiento","Dirección Administrativa y Financiera","Dirección Administrativa y Financiera","SI","DECRETO 410 DE 1971 Art. 61","Los libros y papeles del comerciante no podrán examinarse por personas distintas de sus propietarios o personas autorizadas para ello, sino para los fines indicados en la Constitución Nacional y mediante orden de autoridad competente.  Los datos referentes a la información financiera y comercial, en los términos de la Ley Estatutaria 1266 de 2008","TOTAL","2023 Jan 02 12:00:00 AM","15 años"
"Informes","Informes Financieros","Informes Financieros","Español","Físico/Digital","Documento de texto","CLASIFICADA","Según requerimiento","Dirección Administrativa y Financiera","Dirección Administrativa y Financiera","SI","DECRETO 410 DE 1971 Art. 61","Los libros y papeles del comerciante no podrán examinarse por personas distintas de sus propietarios o personas autorizadas para ello, sino para los fines indicados en la Constitución Nacional y mediante orden de autoridad competente.  Los datos referentes a la información financiera y comercial, en los términos de la Ley Estatutaria 1266 de 2008","TOTAL","2023 Jan 02 12:00:00 AM","15 años"
"Inventarios de Almacén","Acta mensual reporte inventarios, Acta selectiva de inventarios, Acta toma física de inventarios, Acta corte de documentos","Acta mensual reporte inventarios, Acta selectiva de inventarios, Acta toma física de inventarios, Acta corte de documentos","Español","Físico/Digital","Documento de texto","PUBLICABLE","Según requerimiento","Dirección Logística Aeronáutica  / Grupo Almacén","Dirección Logística Aeronáutica  / Grupo Almacén","N/A","N/A","N/A","N/A","2023 Jan 02 12:00:00 AM","Lo estipulado en la tabla de retención para el tiempo de conservación en el archivo central"
"Libros contables","Libro Auxiliar","Libro Auxiliar","Español","Físico/Digital","Documento de texto","CLASIFICADA","Según requerimiento","Dirección Administrativa y Financiera","Dirección Administrativa y Financiera","SI","DECRETO 410 DE 1971 Art. 61","Los libros y papeles del comerciante no podrán examinarse por personas distintas de sus propietarios o personas autorizadas para ello, sino para los fines indicados en la Constitución Nacional y mediante orden de autoridad competente.  Los datos referentes a la información financiera y comercial, en los términos de la Ley Estatutaria 1266 de 2008","TOTAL","2023 Jan 02 12:00:00 AM","15 años"
"Libros contables","Libro Diario","Libro Diario","Español","Físico/Digital","Documento de texto","CLASIFICADA","Según requerimiento","Dirección Administrativa y Financiera","Dirección Administrativa y Financiera","SI","DECRETO 410 DE 1971 Art. 61","Los libros y papeles del comerciante no podrán examinarse por personas distintas de sus propietarios o personas autorizadas para ello, sino para los fines indicados en la Constitución Nacional y mediante orden de autoridad competente.  Los datos referentes a la información financiera y comercial, en los términos de la Ley Estatutaria 1266 de 2008","TOTAL","2023 Jan 02 12:00:00 AM","15 años"
"Libros contables","Libro Fiscal","Libro Fiscal","Español","Físico/Digital","Documento de texto","CLASIFICADA","Según requerimiento","Dirección Administrativa y Financiera","Dirección Administrativa y Financiera","SI","DECRETO 410 DE 1971 Art. 61","Los libros y papeles del comerciante no podrán examinarse por personas distintas de sus propietarios o personas autorizadas para ello, sino para los fines indicados en la Constitución Nacional y mediante orden de autoridad competente.  Los datos referentes a la información financiera y comercial, en los términos de la Ley Estatutaria 1266 de 2008","TOTAL","2023 Jan 02 12:00:00 AM","15 años"
"Libros contables","Libro Mayor","Libro Mayor","Español","Físico/Digital","Documento de texto","CLASIFICADA","Según requerimiento","Dirección Administrativa y Financiera","Dirección Administrativa y Financiera","SI","DECRETO 410 DE 1971 Art. 61","Los libros y papeles del comerciante no podrán examinarse por personas distintas de sus propietarios o personas autorizadas para ello, sino para los fines indicados en la Constitución Nacional y mediante orden de autoridad competente.  Los datos referentes a la información financiera y comercial, en los términos de la Ley Estatutaria 1266 de 2008","TOTAL","2023 Jan 02 12:00:00 AM","15 años"
"Licencias","Licencias de Exportación","Licencias de Exportación","Español","Físico/Digital","Documento de texto","PUBLICABLE","Según requerimiento","Dirección Logística Aeronáutica  / Grupo Comercio Exterior","Dirección Logística Aeronáutica  / Grupo Comercio Exterior","N/A","N/A","N/A","N/A","2023 Jan 02 12:00:00 AM","Lo estipulado en la tabla de retención para el tiempo de conservación en el archivo central"
"Manual","Manual del Sistema Integrado de Gestión de la Calidad Aeronáutica","Manual del Sistema Integrado de Gestión de la Calidad Aeronáutica","Español","Físico/Digital","Documento de texto","CLASIFICADA","Según requerimiento","Oficina de Planeación, Innovación y Desarrollo/Sistema Integrado de Gestión de la Calidad Aeronáutica","Oficina de Planeación, Innovación y Desarrollo/Sistema Integrado de Gestión de la Calidad Aeronáutica","SI","Artículo 18 LEY 1712 DE 2014, DECISION 486 DE 200 CAN ART. 260,261,262","Secreto comercial, industrial y profesional. Licencias de explotación comercial 
Los protegidos por el secreto comercial o industrial, así como los planes estratégicos de las empresas públicas de servicios públicos.","TOTAL","2023 Jan 02 12:00:00 AM","Ilimitado"
"Manual","Manual del sistema integral de gestión del riesgo","Manual del sistema integral de gestión del riesgo","Español","Digital","Documento de texto","PUBLICABLE","Según requerimiento","Oficina de Planeación, Innovación y Desarrollo/Sistema Integrado de Gestión de la Calidad Aeronáutica","Oficina de Planeación, Innovación y Desarrollo/Sistema Integrado de Gestión de la Calidad Aeronáutica","N/A","N/A","N/A","N/A","2023 Jan 02 12:00:00 AM","Lo estipulado en la tabla de retención para el tiempo de conservación en el archivo central"
"Manuales","Manuales del Programa de Entrenamiento","Manuales del Programa de Entrenamiento","Español","Físico/Digital","Documento de texto","CLASIFICADA","Según requerimiento","Centro de Entrenamiento","Centro de Entrenamiento","SI","DECRETO 410 DE 1971 Art. 61","Los libros y papeles del comerciante no podrán examinarse por personas distintas de sus propietarios o personas autorizadas para ello, sino para los fines indicados en la Constitución Nacional y mediante orden de autoridad competente.  Los datos referentes a la información financiera y comercial, en los términos de la Ley Estatutaria 1266 de 2008","TOTAL","2023 Jan 02 12:00:00 AM","15 años"
"Manuales","Manuales de Fabricación","Manuales de Fabricación","Español","Físico/Digital","Documento de texto","CLASIFICADA","Según requerimiento","Dirección de Producción / Gupo Fabricación","Dirección de Producción / Gupo Fabricación","SI","DECRETO 410 DE 1971 Art. 61","Los libros y papeles del comerciante no podrán examinarse por personas distintas de sus propietarios o personas autorizadas para ello, sino para los fines indicados en la Constitución Nacional y mediante orden de autoridad competente.  Los datos referentes a la información financiera y comercial, en los términos de la Ley Estatutaria 1266 de 2008","TOTAL","2023 Jan 02 12:00:00 AM","15 años"
"Manuales","Manuales de Mantenimiento","Manuales de Mantenimiento","Español","Físico/Digital","Documento de texto","CLASIFICADA","Según requerimiento","Dirección de Producción / Gupo Fabricación","Dirección de Producción / Gupo Fabricación","SI","DECRETO 410 DE 1971 Art. 61","Los libros y papeles del comerciante no podrán examinarse por personas distintas de sus propietarios o personas autorizadas para ello, sino para los fines indicados en la Constitución Nacional y mediante orden de autoridad competente.  Los datos referentes a la información financiera y comercial, en los términos de la Ley Estatutaria 1266 de 2008","TOTAL","2023 Jan 02 12:00:00 AM","15 años"
"Manuales","Manuales de Vuelo","Manuales de Vuelo","Español","Físico/Digital","Documento de texto","CLASIFICADA","Según requerimiento","Dirección de Producción / Gupo Fabricación","Dirección de Producción / Gupo Fabricación","SI","DECRETO 410 DE 1971 Art. 61","Los libros y papeles del comerciante no podrán examinarse por personas distintas de sus propietarios o personas autorizadas para ello, sino para los fines indicados en la Constitución Nacional y mediante orden de autoridad competente.  Los datos referentes a la información financiera y comercial, en los términos de la Ley Estatutaria 1266 de 2008","TOTAL","2023 Jan 02 12:00:00 AM","15 años"
"Manuales","Manuales de Funciones","Manuales de Funciones","Español","Físico/Digital","Documento de texto","PUBLICABLE","Según requerimiento","Grupo de Gestión de Talento Humano","Grupo de Gestión de Talento Humano","N/A","N/A","N/A","N/A","2023 Jan 02 12:00:00 AM","Lo estipulado en la tabla de retención para el tiempo de conservación en el archivo central"
"Manuales","Manuales de Directivas de Instrucción (MDI)","Manuales de Directivas de Instrucción (MDI)","Español","Físico/Digital","Documento de texto","CLASIFICADA","Según requerimiento","Centro de Entrenamiento","Centro de Entrenamiento","SI","DECRETO 410 DE 1971 Art. 61","Los libros y papeles del comerciante no podrán examinarse por personas distintas de sus propietarios o personas autorizadas para ello, sino para los fines indicados en la Constitución Nacional y mediante orden de autoridad competente.  Los datos referentes a la información financiera y comercial, en los términos de la Ley Estatutaria 1266 de 2008","TOTAL","2023 Jan 02 12:00:00 AM","15 años"
"Manuales","Manuales de Vigilancia Epidemiológica","Manuales de Vigilancia Epidemiológica","Español","Físico/Digital","Documento de texto","PUBLICABLE","Según requerimiento","Centro de Entrenamiento","Centro de Entrenamiento","N/A","N/A","N/A","N/A","2023 Jan 02 12:00:00 AM","Lo estipulado en la tabla de retención para el tiempo de conservación en el archivo central"
"Manuales","Manuales de Seguridad Operacional","Manuales de Seguridad Operacional","Español","Físico/Digital","Documento de texto","CLASIFICADA","Según requerimiento","Grupo Seguridad Integral","Grupo Seguridad Integral","SI","DECRETO 410 DE 1971 Art. 61","Los libros y papeles del comerciante no podrán examinarse por personas distintas de sus propietarios o personas autorizadas para ello, sino para los fines indicados en la Constitución Nacional y mediante orden de autoridad competente.  Los datos referentes a la información financiera y comercial, en los términos de la Ley Estatutaria 1266 de 2008","TOTAL","2023 Jan 02 12:00:00 AM","15 años"
"Manuales de Imagen y Comunicaciones","Manual Marca CIAC","Manual Marca CIAC","Español","Físico/Digital","Documento de texto","CLASIFICADA","Según requerimiento","Oficina de Planeación, Innovación y Desarrollo/Comunicaciones","Oficina de Planeación, Innovación y Desarrollo/Comunicaciones","SI","Artículo 18 LEY 1712 DE 2014, DECISION 486 DE 200 CAN ART. 260,261,262","Secreto comercial, industrial y profesional. Licencias de explotación comercial 
Los protegidos por el secreto comercial o industrial, así como los planes estratégicos de las empresas públicas de servicios públicos.","TOTAL","2023 Jan 02 12:00:00 AM","Ilimitado"
"Manuales de Imagen y Comunicaciones","Manual de Lenguaje CIAC","Manual de Lenguaje CIAC","Español","Físico/Digital","Documento de texto","PUBLICABLE","Según requerimiento","Oficina de Planeación, Innovación y Desarrollo/Comunicaciones","Oficina de Planeación, Innovación y Desarrollo/Comunicaciones","N/A","N/A","N/A","N/A","2023 Jan 02 12:00:00 AM","Lo estipulado en la tabla de retención para el tiempo de conservación en el archivo central"
"Manuales de Imagen y Comunicaciones","Manual de correo electrónico","Manual de correo electrónico","Español","Físico/Digital","Documento de texto","CLASIFICADA","Según requerimiento","Oficina de Planeación, Innovación y Desarrollo/Comunicaciones","Oficina de Planeación, Innovación y Desarrollo/Comunicaciones","SI","DECRETO 410 DE 1971 Art. 61","Los libros y papeles del comerciante no podrán examinarse por personas distintas de sus propietarios o personas autorizadas para ello, sino para los fines indicados en la Constitución Nacional y mediante orden de autoridad competente.  Los datos referentes a la información financiera y comercial, en los términos de la Ley Estatutaria 1266 de 2008","TOTAL","2023 Jan 02 12:00:00 AM","15 años"
"Matriz","Matriz de riesgos","Matriz de riesgos","Español","Físico/Digital","Documento de texto","PUBLICABLE","Según requerimiento","Oficina de Planeación, Innovación y Desarrollo","Oficina de Planeación, Innovación y Desarrollo","N/A","N/A","N/A","N/A","2023 Jan 02 12:00:00 AM","Lo estipulado en la tabla de retención para el tiempo de conservación en el archivo central"
"Nómina","Novedades de nómina, Comprobantes de pago nómina, Programación de vacaciones (evaluar el tiempo e retención ya que es virtual), Nómina","Novedades de nómina, Comprobantes de pago nómina, Programación de vacaciones (evaluar el tiempo e retención ya que es virtual), Nómina","Español","Físico/Digital","Documento de texto","CLASIFICADA","Mensual","Grupo de Gestión de Talento Humano","Grupo de Gestión de Talento Humano","SI","Ley 594 de 2000 ,  Ley 1581 de 2012 artículos 3, 5 y 6, Sentencia Corte Constitucional T-220/04, C-274/2013 Ley 1755 de 2015, art 27 Artículo  24.","Información Pública Clasificada, datos semi-privados, privados o sensibles, 
Los que involucren derechos a la privacidad e intimidad de las personas, incluidas en las hojas de vida, la historia laboral y los expedientes pensionales y demás registros de personal que obren en los archivos de las instituciones públicas o privadas, así como la historia clínica.
Los amparados por el secreto profesional.","TOTAL","2023 Jan 02 12:00:00 AM","Ilimitado"
"Ordenes","Ordenes de Ingeniería","Ordenes de Ingeniería","Español","Físico/Digital","Hoja de cálculo","CLASIFICADA","Según requerimiento","Dirección de Prestación del Servicio","Dirección de Prestación del Servicio","SI","DECRETO 410 DE 1971 Art. 61","Los libros y papeles del comerciante no podrán examinarse por personas distintas de sus propietarios o personas autorizadas para ello, sino para los fines indicados en la Constitución Nacional y mediante orden de autoridad competente.  Los datos referentes a la información financiera y comercial, en los términos de la Ley Estatutaria 1266 de 2008","TOTAL","2023 Jan 02 12:00:00 AM","15 años"
"Ordenes","Ordenes de Mantenimiento","Ordenes de Mantenimiento","Español","Físico/Digital","Hoja de cálculo","CLASIFICADA","Según requerimiento","Dirección de Prestación del Servicio","Dirección de Prestación del Servicio","SI","DECRETO 410 DE 1971 Art. 61","Los libros y papeles del comerciante no podrán examinarse por personas distintas de sus propietarios o personas autorizadas para ello, sino para los fines indicados en la Constitución Nacional y mediante orden de autoridad competente.  Los datos referentes a la información financiera y comercial, en los términos de la Ley Estatutaria 1266 de 2008","TOTAL","2023 Jan 02 12:00:00 AM","15 años"
"Ordenes","Ordenes de Servicios de Reparación","Ordenes de Servicios de Reparación","Español","Físico/Digital","Hoja de cálculo","CLASIFICADA","Según requerimiento","Dirección de Prestación del Servicio","Dirección de Prestación del Servicio","SI","DECRETO 410 DE 1971 Art. 61","Los libros y papeles del comerciante no podrán examinarse por personas distintas de sus propietarios o personas autorizadas para ello, sino para los fines indicados en la Constitución Nacional y mediante orden de autoridad competente.  Los datos referentes a la información financiera y comercial, en los términos de la Ley Estatutaria 1266 de 2008","TOTAL","2023 Jan 02 12:00:00 AM","15 años"
"Ordenes","Ordenes de Compra","Ordenes de Compra","Español","Físico/Digital","Documento de texto","CLASIFICADA","Según requerimiento","Dirección Logística Aeronáutica  / Grupo Gestión Contractual","Dirección Logística Aeronáutica  / Grupo Gestión Contractual","SI","DECRETO 410 DE 1971 Art. 61","Los libros y papeles del comerciante no podrán examinarse por personas distintas de sus propietarios o personas autorizadas para ello, sino para los fines indicados en la Constitución Nacional y mediante orden de autoridad competente.  Los datos referentes a la información financiera y comercial, en los términos de la Ley Estatutaria 1266 de 2008","TOTAL","2023 Jan 02 12:00:00 AM","15 años"
"Plan","Planes","Planes","Español","Físico/Digital","Documento de texto","CLASIFICADA","Anual","Todas las dependencias","Oficina de Planeación, Innovación y Desarrollo","SI","Artículo 18 LEY 1712 DE 2014, DECISION 486 DE 200 CAN ART. 260,261,262","Secreto comercial, industrial y profesional. Licencias de explotación comercial 
Los protegidos por el secreto comercial o industrial, así como los planes estratégicos de las empresas públicas de servicios públicos.","TOTAL","2023 Jan 02 12:00:00 AM","Ilimitado"
"Planes","Planes de Salud Ocupacional","Planes de Salud Ocupacional","Español","Físico/Digital","Documento de texto","PUBLICABLE","Según requerimiento","Grupo de Gestión de Talento Humano","Grupo de Gestión de Talento Humano","N/A","N/A","N/A","N/A","2023 Jan 02 12:00:00 AM","Lo estipulado en la tabla de retención para el tiempo de conservación en el archivo central"
"Planes","Planes de Contingencias Ambientales","Planes de Contingencias Ambientales","Español","Físico/Digital","Documento de texto","PUBLICABLE","Según requerimiento","Dirección Administrativa y Financiera - Grupo Gestión Administrativa","Dirección Administrativa y Financiera - Grupo Gestión Administrativa","N/A","N/A","N/A","N/A","2023 Jan 02 12:00:00 AM","Lo estipulado en la tabla de retención para el tiempo de conservación en el archivo central"
"Planes","Planes de Gestión Integral de Residuos Peligrosos","Planes de Gestión Integral de Residuos Peligrosos","Español","Físico/Digital","Documento de texto","PUBLICABLE","Según requerimiento","Dirección Administrativa y Financiera - Grupo Gestión Administrativa","Dirección Administrativa y Financiera - Grupo Gestión Administrativa","N/A","N/A","N/A","N/A","2023 Jan 02 12:00:00 AM","Lo estipulado en la tabla de retención para el tiempo de conservación en el archivo central"
"Planes","Planes de Gestión Integral de Residuos Solidos","Planes de Gestión Integral de Residuos Solidos","Español","Físico/Digital","Documento de texto","PUBLICABLE","Según requerimiento","Dirección Administrativa y Financiera - Grupo Gestión Administrativa","Dirección Administrativa y Financiera - Grupo Gestión Administrativa","N/A","N/A","N/A","N/A","2023 Jan 02 12:00:00 AM","Lo estipulado en la tabla de retención para el tiempo de conservación en el archivo central"
"Planes","Planes de Inspección de Equipos","Planes de Inspección de Equipos","Español","Físico/Digital","Documento de texto","RESERVADA","Según requerimiento","Dirección Administrativa y Financiera - Grupo Gestión Administrativa","Dirección Administrativa y Financiera - Grupo Gestión Administrativa","SI","Artículo 18, 19  LEY 1712 DE 2014, DECISION 486 DE 200 CAN ART. 260,261,262","Secreto comercial, industrial y profesional. Licencias de explotación comercial, información de mantenimiento de aviación de estado por daño a intereses públicos, Las instrucciones en materia diplomática o sobre negociaciones reservadas.","TOTAL","2023 Jan 02 12:00:00 AM","Ilimitado"
"Planes","Planes de Inspecciones Locativas","Planes de Inspecciones Locativas","Español","Físico/Digital","Documento de texto","RESERVADA","Según requerimiento","Dirección Administrativa y Financiera - Grupo Gestión Administrativa","Dirección Administrativa y Financiera - Grupo Gestión Administrativa","SI","Artículo 18, 19  LEY 1712 DE 2014, DECISION 486 DE 200 CAN ART. 260,261,262","Secreto comercial, industrial y profesional. Licencias de explotación comercial, información de mantenimiento de aviación de estado por daño a intereses públicos, Las instrucciones en materia diplomática o sobre negociaciones reservadas.","TOTAL","2023 Jan 02 12:00:00 AM","Ilimitado"
"Planes","Planes de Saneamiento","Planes de Saneamiento","Español","Físico/Digital","Documento de texto","PUBLICABLE","Según requerimiento","Dirección Administrativa y Financiera - Grupo Gestión Administrativa","Dirección Administrativa y Financiera - Grupo Gestión Administrativa","N/A","N/A","N/A","N/A","2023 Jan 02 12:00:00 AM","Lo estipulado en la tabla de retención para el tiempo de conservación en el archivo central"
"Planes","Planes de Transferencias Documentales","Planes de Transferencias Documentales","Español","Físico/Digital","Documento de texto","PUBLICABLE","Según requerimiento","Dirección Administrativa y Financiera - Grupo Gestión Administrativa","Dirección Administrativa y Financiera - Grupo Gestión Administrativa","N/A","N/A","N/A","N/A","2023 Jan 02 12:00:00 AM","Lo estipulado en la tabla de retención para el tiempo de conservación en el archivo central"
"Planes","Programas Institucionales de Gestión Ambiental","Programas Institucionales de Gestión Ambiental","Español","Físico/Digital","Documento de texto","PUBLICABLE","Según requerimiento","Dirección Administrativa y Financiera - Grupo Gestión Administrativa","Dirección Administrativa y Financiera - Grupo Gestión Administrativa","N/A","N/A","N/A","N/A","2023 Jan 02 12:00:00 AM","Lo estipulado en la tabla de retención para el tiempo de conservación en el archivo central"
"Planes","Programas de Manejo Integral de Residuos Ordinarios, Aprovechables y Peligrosos","Programas de Manejo Integral de Residuos Ordinarios, Aprovechables y Peligrosos","Español","Físico/Digital","Documento de texto","PUBLICABLE","Según requerimiento","Dirección Administrativa y Financiera - Grupo Gestión Administrativa","Dirección Administrativa y Financiera - Grupo Gestión Administrativa","N/A","N/A","N/A","N/A","2023 Jan 02 12:00:00 AM","Lo estipulado en la tabla de retención para el tiempo de conservación en el archivo central"
"Planes","Programas Mantenimiento de Equipos","Programas Mantenimiento de Equipos","Español","Físico/Digital","Documento de texto","RESERVADA","Según requerimiento","Dirección Administrativa y Financiera - Grupo Gestión Administrativa","Dirección Administrativa y Financiera - Grupo Gestión Administrativa","SI","Artículo 18, 19  LEY 1712 DE 2014, DECISION 486 DE 200 CAN ART. 260,261,262","Secreto comercial, industrial y profesional. Licencias de explotación comercial, información de mantenimiento de aviación de estado por daño a intereses públicos, Las instrucciones en materia diplomática o sobre negociaciones reservadas.","TOTAL","2023 Jan 02 12:00:00 AM","Ilimitado"
"Planes","Programas Mantenimiento de Instalaciones","Programas Mantenimiento de Instalaciones","Español","Físico/Digital","Documento de texto","RESERVADA","Según requerimiento","Dirección Administrativa y Financiera - Grupo Gestión Administrativa","Dirección Administrativa y Financiera - Grupo Gestión Administrativa","SI","Artículo 18, 19  LEY 1712 DE 2014, DECISION 486 DE 200 CAN ART. 260,261,262","Secreto comercial, industrial y profesional. Licencias de explotación comercial, información de mantenimiento de aviación de estado por daño a intereses públicos, Las instrucciones en materia diplomática o sobre negociaciones reservadas.","TOTAL","2023 Jan 02 12:00:00 AM","Ilimitado"
"Planes","Programas Movilidad Sostenible","Programas Movilidad Sostenible","Español","Físico/Digital","Documento de texto","PUBLICABLE","Según requerimiento","Dirección Administrativa y Financiera - Grupo Gestión Administrativa","Dirección Administrativa y Financiera - Grupo Gestión Administrativa","N/A","N/A","N/A","N/A","2023 Jan 02 12:00:00 AM","Lo estipulado en la tabla de retención para el tiempo de conservación en el archivo central"
"Planes","Programas Negocios Verdes","Programas Negocios Verdes","Español","Físico/Digital","Documento de texto","PUBLICABLE","Según requerimiento","Dirección Administrativa y Financiera - Grupo Gestión Administrativa","Dirección Administrativa y Financiera - Grupo Gestión Administrativa","N/A","N/A","N/A","N/A","2023 Jan 02 12:00:00 AM","Lo estipulado en la tabla de retención para el tiempo de conservación en el archivo central"
"Planes","Programas de Saneamiento Básico","Programas de Saneamiento Básico","Español","Físico/Digital","Documento de texto","PUBLICABLE","Según requerimiento","Dirección Administrativa y Financiera - Grupo Gestión Administrativa","Dirección Administrativa y Financiera - Grupo Gestión Administrativa","N/A","N/A","N/A","N/A","2023 Jan 02 12:00:00 AM","Lo estipulado en la tabla de retención para el tiempo de conservación en el archivo central"
"Planes","Programas Uso Eficiente de la Energía Eléctrica","Programas Uso Eficiente de la Energía Eléctrica","Español","Físico/Digital","Documento de texto","PUBLICABLE","Según requerimiento","Dirección Administrativa y Financiera - Grupo Gestión Administrativa","Dirección Administrativa y Financiera - Grupo Gestión Administrativa","N/A","N/A","N/A","N/A","2023 Jan 02 12:00:00 AM","Lo estipulado en la tabla de retención para el tiempo de conservación en el archivo central"
"Planes","Programas Uso Eficiente del Papel","Programas Uso Eficiente del Papel","Español","Físico/Digital","Documento de texto","PUBLICABLE","Según requerimiento","Dirección Administrativa y Financiera - Grupo Gestión Administrativa","Dirección Administrativa y Financiera - Grupo Gestión Administrativa","N/A","N/A","N/A","N/A","2023 Jan 02 12:00:00 AM","Lo estipulado en la tabla de retención para el tiempo de conservación en el archivo central"
"Planes","Programas Uso Eficiente del Recurso Hídrico","Programas Uso Eficiente del Recurso Hídrico","Español","Físico/Digital","Documento de texto","PUBLICABLE","Según requerimiento","Dirección Administrativa y Financiera - Grupo Gestión Administrativa","Dirección Administrativa y Financiera - Grupo Gestión Administrativa","N/A","N/A","N/A","N/A","2023 Jan 02 12:00:00 AM","Lo estipulado en la tabla de retención para el tiempo de conservación en el archivo central"
"Planes","Planes Anuales de Auditoría","Planes Anuales de Auditoría","Español","Físico/Digital","Documento de texto","PUBLICABLE","Según requerimiento","Oficina de Control Interno","Oficina de Control Interno","N/A","N/A","N/A","N/A","2023 Jan 02 12:00:00 AM","Lo estipulado en la tabla de retención para el tiempo de conservación en el archivo central"
"Planes","Planes Estratégicos de Seguridad Vial","Planes Estratégicos de Seguridad Vial","Español","Físico/Digital","Documento de texto","PUBLICABLE","Según requerimiento","Grupo Seguridad Integral","Grupo Seguridad Integral","N/A","N/A","N/A","N/A","2023 Jan 02 12:00:00 AM","Lo estipulado en la tabla de retención para el tiempo de conservación en el archivo central"
"Planes","Planes de Prevención y Respuesta ante Emergencias","Planes de Prevención y Respuesta ante Emergencias","Español","Físico/Digital","Documento de texto","PUBLICABLE","Según requerimiento","Grupo Seguridad Integral","Grupo Seguridad Integral","N/A","N/A","N/A","N/A","2023 Jan 02 12:00:00 AM","Lo estipulado en la tabla de retención para el tiempo de conservación en el archivo central"
"Planes","Planes de Seguridad Física","Planes de Seguridad Física","Español","Físico/Digital","Documento de texto","PUBLICABLE","Según requerimiento","Grupo Seguridad Integral","Grupo Seguridad Integral","N/A","N/A","N/A","N/A","2023 Jan 02 12:00:00 AM","Lo estipulado en la tabla de retención para el tiempo de conservación en el archivo central"
"Planes","Planes de Seguridad y Salud en el Trabajo","Planes de Seguridad y Salud en el Trabajo","Español","Físico/Digital","Documento de texto","PUBLICABLE","Según requerimiento","Grupo Seguridad Integral","Grupo Seguridad Integral","N/A","N/A","N/A","N/A","2023 Jan 02 12:00:00 AM","Lo estipulado en la tabla de retención para el tiempo de conservación en el archivo central"
"Planes","Planes de Recuperación de Desastres Tecnológicos","Planes de Recuperación de Desastres Tecnológicos","Español","Físico/Digital","Documento de texto","PUBLICABLE","Según requerimiento","Grupo de Gestión TICs","Grupo de Gestión TICs","N/A","N/A","N/A","N/A","2023 Jan 02 12:00:00 AM","Lo estipulado en la tabla de retención para el tiempo de conservación en el archivo central"
"Planes","Planes de Innovación","Planes de Innovación","Español","Físico/Digital","Documento de texto","RESERVADA","Según requerimiento","Oficina de Planeación, Innovación y Desarrollo/Grupo Proyectos e Innovación","Oficina de Planeación, Innovación y Desarrollo/Grupo Proyectos e Innovación","SI","Artículo 18, 19  LEY 1712 DE 2014, DECISION 486 DE 200 CAN ART. 260,261,262","Secreto comercial, industrial y profesional. Licencias de explotación comercial, información de mantenimiento de aviación de estado por daño a intereses públicos, Las instrucciones en materia diplomática o sobre negociaciones reservadas.","TOTAL","2023 Jan 02 12:00:00 AM","Ilimitado"
"Planes","Planes Estratégicos de Mercadeo","Planes Estratégicos de Mercadeo","Español","Físico/Digital","Documento de texto","CLASIFICADA","Anual","Dirección Promoción y Venta","Dirección Promoción y Venta","SI","DECRETO 410 DE 1971 Art. 61","Los libros y papeles del comerciante no podrán examinarse por personas distintas de sus propietarios o personas autorizadas para ello, sino para los fines indicados en la Constitución Nacional y mediante orden de autoridad competente.  Los datos referentes a la información financiera y comercial, en los términos de la Ley Estatutaria 1266 de 2008","TOTAL","2023 Jan 02 12:00:00 AM","15 años"
"Políticas","Políticas","Políticas","Español","Físico/Digital","Documento de texto","CLASIFICADA","Según requerimiento","Oficina de Planeación, Innovación y Desarrollo/Comunicaciones","Oficina de Planeación, Innovación y Desarrollo/Comunicaciones","SI","DECRETO 410 DE 1971 Art. 61","Los libros y papeles del comerciante no podrán examinarse por personas distintas de sus propietarios o personas autorizadas para ello, sino para los fines indicados en la Constitución Nacional y mediante orden de autoridad competente.  Los datos referentes a la información financiera y comercial, en los términos de la Ley Estatutaria 1266 de 2008","TOTAL","2023 Jan 02 12:00:00 AM","15 años"
"Procedimiento","Procedimientos","Procedimientos","Español","Digital","Documento de texto","CLASIFICADA","Según requerimiento","Todas las dependencias","Oficina de Planeación, Innovación y Desarrollo","SI","Artículo 18 LEY 1712 DE 2014, DECISION 486 DE 200 CAN ART. 260,261,262","Secreto comercial, industrial y profesional. Licencias de explotación comercial 
Los protegidos por el secreto comercial o industrial, así como los planes estratégicos de las empresas públicas de servicios públicos.","TOTAL","2023 Jan 02 12:00:00 AM","Ilimitado"
"Procesos","Procesos Judiciales","Procesos Judiciales","Español","Físico/Digital","Documento de texto","CLASIFICADA","Según requerimiento","Grupo Asesor Jurídico","Grupo Asesor Jurídico","SI","Ley 594 de 2000 ,  Ley 1581 de 2012 artículos 3, 5 y 6, Sentencia Corte Constitucional T-220/04, C-274/2013 Ley 1755 de 2015, art 27 Artículo  24.","Información Pública Clasificada, datos semi-privados, privados o sensibles, 
Los que involucren derechos a la privacidad e intimidad de las personas, incluidas en las hojas de vida, la historia laboral y los expedientes pensionales y demás registros de personal que obren en los archivos de las instituciones públicas o privadas, así como la historia clínica.
Los amparados por el secreto profesional.","TOTAL","2023 Jan 02 12:00:00 AM","Ilimitado"
"Procesos","Procesos Disciplinarios","Procesos Disciplinarios","Español","Físico/Digital","Documento de texto","RESERVADA","Según requerimiento","Grupo Unidad de Control Interno Disciplinario","Grupo Unidad de Control Interno Disciplinario","SI","Ley 594 de 2000 ,  Ley 1581 de 2012 artículos 3, 5 y 6, Sentencia Corte Constitucional T-220/04, C-274/2013 Ley 1755 de 2015, art 27 Artículo  24.","Información Pública Clasificada, datos semi-privados, privados o sensibles, Los que involucren derechos a la privacidad e intimidad de las personas, incluidas en las hojas de vida, la historia laboral y los expedientes pensionales y demás registros de personales","TOTAL","2023 Jan 02 12:00:00 AM","15 años"
"Procesos","Procesos Aduaneros y de Régimen Franco","Procesos Aduaneros y de Régimen Franco","Español","Físico/Digital","Documento de texto","PUBLICABLE","Según requerimiento","Dirección Logística Aeronáutica  / Grupo Comercio Exterior","Dirección Logística Aeronáutica  / Grupo Comercio Exterior","N/A","N/A","N/A","N/A","2023 Jan 02 12:00:00 AM","Lo estipulado en la tabla de retención para el tiempo de conservación en el archivo central"
"Programa","Programas de Calibración y Mantenimiento de Equipos y Herramientas","Programas de Calibración y Mantenimiento de Equipos y Herramientas","Español","Físico/Digital","Documento de texto","RESERVADA","Según requerimiento","Dirección de Prestación del Servicio","Oficina de Planeación, Innovación y Desarrollo/Grupo Proyectos e Innovación - Dirección de Prestación del Servicio","SI","Artículo 18, 19  LEY 1712 DE 2014, DECISION 486 DE 200 CAN ART. 260,261,262","Secreto comercial, industrial y profesional. Licencias de explotación comercial, información de mantenimiento de aviación de estado por daño a intereses públicos, Las instrucciones en materia diplomática o sobre negociaciones reservadas.","TOTAL","2023 Jan 02 12:00:00 AM","Ilimitado"
"Programa","Programas de Mantenimiento de Aeronaves","Programas de Mantenimiento de Aeronaves","Español","Físico/Digital","Documento de texto","RESERVADA","Según requerimiento","Dirección de Prestación del Servicio","Oficina de Planeación, Innovación y Desarrollo/Grupo Proyectos e Innovación - Dirección de Prestación del Servicio","SI","Artículo 18, 19  LEY 1712 DE 2014, DECISION 486 DE 200 CAN ART. 260,261,262","Secreto comercial, industrial y profesional. Licencias de explotación comercial, información de mantenimiento de aviación de estado por daño a intereses públicos, Las instrucciones en materia diplomática o sobre negociaciones reservadas.","TOTAL","2023 Jan 02 12:00:00 AM","Ilimitado"
"Programa","Programa de auditoría","Programa de auditoría","Español","Físico/Digital","Documento de texto","PUBLICABLE","Anual","Oficina de Planeación, Innovación y Desarrollo/Grupo Aseguramiento de la Calidad","Oficina de Planeación, Innovación y Desarrollo/Grupo Aseguramiento de la Calidad","N/A","N/A","N/A","N/A","2023 Jan 02 12:00:00 AM","Lo estipulado en la tabla de retención para el tiempo de conservación en el archivo central"
"Programas","Programas de Seguridad de la Información","Programas de Seguridad de la Información","Español","Físico/Digital","Documento de texto","CLASIFICADA","Anual","Grupo de Gestión TICs","Grupo de Gestión TICs","SI","Ley 594 de 2000 ,  Ley 1581 de 2012 artículos 3, 5 y 6, Sentencia Corte Constitucional T-220/04, C-274/2013 Ley 1755 de 2015, art 27 Artículo  24.","Información Pública Clasificada, datos semi-privados, privados o sensibles, 
Los que involucren derechos a la privacidad e intimidad de las personas, incluidas en las hojas de vida, la historia laboral y los expedientes pensionales y demás registros de personal que obren en los archivos de las instituciones públicas o privadas, así como la historia clínica.
Los amparados por el secreto profesional.","TOTAL","2023 Jan 02 12:00:00 AM","Ilimitado"
"Programas","Programas de Certificación y Coordinación","Programas de Certificación y Coordinación","Español","Físico/Digital","Documento de texto","CLASIFICADA","Según requerimiento","Dirección de Producción / Gupo Diseño y Dessarollo","Dirección de Producción / Gupo Diseño y Dessarollo","SI","DECRETO 410 DE 1971 Art. 61","Los libros y papeles del comerciante no podrán examinarse por personas distintas de sus propietarios o personas autorizadas para ello, sino para los fines indicados en la Constitución Nacional y mediante orden de autoridad competente.  Los datos referentes a la información financiera y comercial, en los términos de la Ley Estatutaria 1266 de 2008","TOTAL","2023 Jan 02 12:00:00 AM","15 años"
"Programas","Programas de Capacitación en Promoción y Prevención","Programas de Capacitación en Promoción y Prevención","Español","Físico/Digital","Documento de texto","PUBLICABLE","Según requerimiento","Grupo Seguridad Integral","Grupo Seguridad Integral","N/A","N/A","N/A","N/A","2023 Jan 02 12:00:00 AM","Lo estipulado en la tabla de retención para el tiempo de conservación en el archivo central"
"Programas","Programas de Prevención y Protección contra Caídas de Alturas","Programas de Prevención y Protección contra Caídas de Alturas","Español","Físico/Digital","Documento de texto","PUBLICABLE","Según requerimiento","Grupo Seguridad Integral","Grupo Seguridad Integral","N/A","N/A","N/A","N/A","2023 Jan 02 12:00:00 AM","Lo estipulado en la tabla de retención para el tiempo de conservación en el archivo central"
"Programas","Programas de Seguridad Física","Programas de Seguridad Física","Español","Físico/Digital","Documento de texto","PUBLICABLE","Según requerimiento","Grupo Seguridad Integral","Grupo Seguridad Integral","N/A","N/A","N/A","N/A","2023 Jan 02 12:00:00 AM","Lo estipulado en la tabla de retención para el tiempo de conservación en el archivo central"
"Programas","Programas de Seguridad y Salud en el Trabajo","Programas de Seguridad y Salud en el Trabajo","Español","Físico/Digital","Documento de texto","PUBLICABLE","Según requerimiento","Grupo Seguridad Integral","Grupo Seguridad Integral","N/A","N/A","N/A","N/A","2023 Jan 02 12:00:00 AM","Lo estipulado en la tabla de retención para el tiempo de conservación en el archivo central"
"Programas","Programas de Vigilancia Epidemiológica","Programas de Vigilancia Epidemiológica","Español","Físico/Digital","Documento de texto","PUBLICABLE","Según requerimiento","Grupo Seguridad Integral","Grupo Seguridad Integral","N/A","N/A","N/A","N/A","2023 Jan 02 12:00:00 AM","Lo estipulado en la tabla de retención para el tiempo de conservación en el archivo central"
"Programas","Programas de Capacitación y Entrenamiento del Personal Aeronáutica Civil Regulados","Programas de Capacitación y Entrenamiento del Personal Aeronáutica Civil Regulados","Español","Físico/Digital","Documento de texto","RESERVADA","Según requerimiento","Centro de Entrenamiento","Centro de Entrenamiento","SI","Artículo 18, 19  LEY 1712 DE 2014, DECISION 486 DE 200 CAN ART. 260,261,262","Secreto comercial, industrial y profesional. Licencias de explotación comercial, información de mantenimiento de aviación de estado por daño a intereses públicos, Las instrucciones en materia diplomática o sobre negociaciones reservadas.","TOTAL","2023 Jan 02 12:00:00 AM","Ilimitado"
"Programas","Programas de Capacitación y Entrenamiento del Personal FFAA","Programas de Capacitación y Entrenamiento del Personal FFAA","Español","Físico/Digital","Documento de texto","RESERVADA","Según requerimiento","Centro de Entrenamiento","Centro de Entrenamiento","SI","Artículo 18, 19  LEY 1712 DE 2014, DECISION 486 DE 200 CAN ART. 260,261,262","Secreto comercial, industrial y profesional. Licencias de explotación comercial, información de mantenimiento de aviación de estado por daño a intereses públicos, Las instrucciones en materia diplomática o sobre negociaciones reservadas.","TOTAL","2023 Jan 02 12:00:00 AM","Ilimitado"
"Programas","Programas de Capacitación y Entrenamiento Militares","Programas de Capacitación y Entrenamiento Militares","Español","Físico/Digital","Documento de texto","RESERVADA","Según requerimiento","Centro de Entrenamiento","Centro de Entrenamiento","SI","Artículo 18, 19  LEY 1712 DE 2014, DECISION 486 DE 200 CAN ART. 260,261,262","Secreto comercial, industrial y profesional. Licencias de explotación comercial, información de mantenimiento de aviación de estado por daño a intereses públicos, Las instrucciones en materia diplomática o sobre negociaciones reservadas.","TOTAL","2023 Jan 02 12:00:00 AM","Ilimitado"
"Programas","Programas de Capacitación y Entrenamiento No Regulados","Programas de Capacitación y Entrenamiento No Regulados","Español","Físico/Digital","Documento de texto","RESERVADA","Según requerimiento","Centro de Entrenamiento","Centro de Entrenamiento","SI","Artículo 18, 19  LEY 1712 DE 2014, DECISION 486 DE 200 CAN ART. 260,261,262","Secreto comercial, industrial y profesional. Licencias de explotación comercial, información de mantenimiento de aviación de estado por daño a intereses públicos, Las instrucciones en materia diplomática o sobre negociaciones reservadas.","TOTAL","2023 Jan 02 12:00:00 AM","Ilimitado"
"Programas","Programas de Capacitación y Entrenamiento Objetos Virtuales de Aprendizaje","Programas de Capacitación y Entrenamiento Objetos Virtuales de Aprendizaje","Español","Físico/Digital","Documento de texto","PUBLICABLE","Según requerimiento","Centro de Entrenamiento","Centro de Entrenamiento","N/A","N/A","N/A","N/A","2023 Jan 02 12:00:00 AM","Lo estipulado en la tabla de retención para el tiempo de conservación en el archivo central"
"Proyectos","Proyectos de Inversión","Proyectos de Inversión","Español","Físico/Digital","Documento de texto","RESERVADA","Según requerimiento","Oficina de Planeación, Innovación y Desarrollo/Grupo Proyectos e Innovación","Oficina de Planeación, Innovación y Desarrollo/Grupo Proyectos e Innovación","SI","Artículo 18, 19  LEY 1712 DE 2014, DECISION 486 DE 200 CAN ART. 260,261,262","Secreto comercial, industrial y profesional. Licencias de explotación comercial, información de mantenimiento de aviación de estado por daño a intereses públicos, Las instrucciones en materia diplomática o sobre negociaciones reservadas.","TOTAL","2023 Jan 02 12:00:00 AM","Ilimitado"
"Registros","Registros de Control de Seguridad Física","Registros de Control de Seguridad Física","Español","Físico/Digital","Documento de texto","CLASIFICADA","Según requerimiento","Grupo Seguridad Integral","Grupo Seguridad Integral","SI","Ley 594 de 2000 ,  Ley 1581 de 2012 artículos 3, 5 y 6, Sentencia Corte Constitucional T-220/04, C-274/2013 Ley 1755 de 2015, art 27 Artículo  24.","Información Pública Clasificada, datos semi-privados, privados o sensibles, 
Los que involucren derechos a la privacidad e intimidad de las personas, incluidas en las hojas de vida, la historia laboral y los expedientes pensionales y demás registros de personal que obren en los archivos de las instituciones públicas o privadas, así como la historia clínica.
Los amparados por el secreto profesional.","TOTAL","2023 Jan 02 12:00:00 AM","Ilimitado"
"Registros","Registros de Entrega de Elementos","Registros de Entrega de Elementos","Español","Físico/Digital","Documento de texto","CLASIFICADA","Según requerimiento","Grupo Seguridad Integral","Grupo Seguridad Integral","SI","Ley 594 de 2000 ,  Ley 1581 de 2012 artículos 3, 5 y 6, Sentencia Corte Constitucional T-220/04, C-274/2013 Ley 1755 de 2015, art 27 Artículo  24.","Información Pública Clasificada, datos semi-privados, privados o sensibles, 
Los que involucren derechos a la privacidad e intimidad de las personas, incluidas en las hojas de vida, la historia laboral y los expedientes pensionales y demás registros de personal que obren en los archivos de las instituciones públicas o privadas, así como la historia clínica.
Los amparados por el secreto profesional.","TOTAL","2023 Jan 02 12:00:00 AM","Ilimitado"
"Registros","Registros de Inspecciones de Seguridad y Salud en el Trabajo","Registros de Inspecciones de Seguridad y Salud en el Trabajo","Español","Físico/Digital","Documento de texto","CLASIFICADA","Según requerimiento","Grupo Seguridad Integral","Grupo Seguridad Integral","SI","Ley 594 de 2000 ,  Ley 1581 de 2012 artículos 3, 5 y 6, Sentencia Corte Constitucional T-220/04, C-274/2013 Ley 1755 de 2015, art 27 Artículo  24.","Información Pública Clasificada, datos semi-privados, privados o sensibles, 
Los que involucren derechos a la privacidad e intimidad de las personas, incluidas en las hojas de vida, la historia laboral y los expedientes pensionales y demás registros de personal que obren en los archivos de las instituciones públicas o privadas, así como la historia clínica.
Los amparados por el secreto profesional.","TOTAL","2023 Jan 02 12:00:00 AM","Ilimitado"
"Registros","Registros de Proveedores","Registros de Proveedores","Español","Físico/Digital","Documento de texto","CLASIFICADA","Según requerimiento","Dirección Logística Aeronáutica  / Grupo Gestión Contractual","Dirección Logística Aeronáutica  / Grupo Gestión Contractual","SI","Ley 594 de 2000 ,  Ley 1581 de 2012 artículos 3, 5 y 6, Sentencia Corte Constitucional T-220/04, C-274/2013 Ley 1755 de 2015, art 27 Artículo  24.","Información Pública Clasificada, datos semi-privados, privados o sensibles, 
Los que involucren derechos a la privacidad e intimidad de las personas, incluidas en las hojas de vida, la historia laboral y los expedientes pensionales y demás registros de personal que obren en los archivos de las instituciones públicas o privadas, así como la historia clínica.
Los amparados por el secreto profesional.","TOTAL","2023 Jan 02 12:00:00 AM","Ilimitado"
"Registros","Registros de Inspecciones de Instalaciones","Registros de Inspecciones de Instalaciones","ESPAÑOL","Físico/Digital","Documento de texto","PUBLICABLE","Según requerimiento","Grupo Seguridad Integral","Grupo Seguridad Integral","N/A","N/A","N/A","N/A","2023 Jan 02 12:00:00 AM","Lo estipulado en la tabla de retención para el tiempo de conservación en el archivo central"
"Registros","Registros de Inspecciones de Seguridad Operacional","Registros de Inspecciones de Seguridad Operacional","ESPAÑOL","Físico/Digital","Documento de texto","PUBLICABLE","Según requerimiento","Grupo Seguridad Integral","Grupo Seguridad Integral","N/A","N/A","N/A","N/A","2023 Jan 02 12:00:00 AM","Lo estipulado en la tabla de retención para el tiempo de conservación en el archivo central"
"Registros","Registros de Inspecciones de Vehículos","Registros de Inspecciones de Vehículos","ESPAÑOL","Físico/Digital","Documento de texto","PUBLICABLE","Según requerimiento","Grupo Seguridad Integral","Grupo Seguridad Integral","N/A","N/A","N/A","N/A","2023 Jan 02 12:00:00 AM","Lo estipulado en la tabla de retención para el tiempo de conservación en el archivo central"
"Registros","Registros de Inspecciones de Aeronaves","Registros de Inspecciones de Aeronaves","ESPAÑOL","Físico/Digital","Documento de texto","RESERVADA","Según requerimiento","Grupo Seguridad Integral","Grupo Seguridad Integral","SI","Artículo 18, 19  LEY 1712 DE 2014, DECISION 486 DE 200 CAN ART. 260,261,262","Secreto comercial, industrial y profesional. Licencias de explotación comercial, información de mantenimiento de aviación de estado por daño a intereses públicos, Las instrucciones en materia diplomática o sobre negociaciones reservadas.","TOTAL","2023 Jan 02 12:00:00 AM","Lo estipulado en la tabla de retención para el tiempo de conservación en el archivo central"
"Registros","Registros de mantenimiento NDT","Registros de mantenimiento NDT","ESPAÑOL","Físico/Digital","Documento de texto","RESERVADA","Según requerimiento","Oficina de Control Calidad","Oficina de Control Calidad","SI","Artículo 18, 19  LEY 1712 DE 2014, DECISION 486 DE 200 CAN ART. 260,261,262","Secreto comercial, industrial y profesional. Licencias de explotación comercial, información de mantenimiento de aviación de estado por daño a intereses públicos, Las instrucciones en materia diplomática o sobre negociaciones reservadas.","TOTAL","2023 Jan 02 12:00:00 AM","Lo estipulado en la tabla de retención para el tiempo de conservación en el archivo central"
"Registros","Registros y Solicitudes de Servicios Informáticos","Registros y Solicitudes de Servicios Informáticos","ESPAÑOL","Físico/Digital","Documento de texto","CLASIFICADA","Según requerimiento","Grupo de Gestión TICs","Grupo de Gestión TICs","SI","Ley 594 de 2000 ,  Ley 1581 de 2012 artículos 3, 5 y 6, Sentencia Corte Constitucional T-220/04, C-274/2013 Ley 1755 de 2015, art 27 Artículo  24.","Información Pública Clasificada, datos semi-privados, privados o sensibles, 
Los que involucren derechos a la privacidad e intimidad de las personas, incluidas en las hojas de vida, la historia laboral y los expedientes pensionales y demás registros de pe","TOTAL","2023 Jan 02 12:00:00 AM","Lo estipulado en la tabla de retención para el tiempo de conservación en el archivo central"
"Registros","Registros de Control del Simulador de Vuelo","Registros de Control del Simulador de Vuelo","ESPAÑOL","Físico/Digital","Documento de texto","RESERVADA","Según requerimiento","Centro de Entrenamiento","Centro de Entrenamiento","SI","Artículo 18, 19  LEY 1712 DE 2014, DECISION 486 DE 200 CAN ART. 260,261,262","Secreto comercial, industrial y profesional. Licencias de explotación comercial, información de mantenimiento de aviación de estado por daño a intereses públicos, Las instrucciones en materia diplomática o sobre negociaciones reservadas.","TOTAL","2023 Jan 02 12:00:00 AM","Ilimitado"
"Registros","Registros de Inspecciones del Simulador de Vuelo","Registros de Inspecciones del Simulador de Vuelo","ESPAÑOL","Físico/Digital","Documento de texto","RESERVADA","Según requerimiento","Centro de Entrenamiento","Centro de Entrenamiento","SI","Artículo 18, 19  LEY 1712 DE 2014, DECISION 486 DE 200 CAN ART. 260,261,262","Secreto comercial, industrial y profesional. Licencias de explotación comercial, información de mantenimiento de aviación de estado por daño a intereses públicos, Las instrucciones en materia diplomática o sobre negociaciones reservadas.","TOTAL","2023 Jan 02 12:00:00 AM","Ilimitado"
